temperature,accuracy,std_dev,n,sem
0.0,0.5803571428571429,0.4957184767958606,112,0.04684099321077107
0.25,0.49122807017543857,0.502130223829405,114,0.04702880432049609
0.5,0.49137931034482757,0.5020945633291977,116,0.046618309867137275
0.75,0.6403508771929824,0.4820162847918455,114,0.045144961328736355
1.0,0.6,0.4920419323166418,115,0.04588314677411235
1.25,0.4144144144144144,0.49485477150497875,111,0.04696953631102265
1.5,0.8245614035087719,0.3820210353075886,114,0.03577954813948368
1.75,0.9107142857142857,0.2864373091032871,112,0.027065781646351254
2.0,0.8839285714285714,0.32175016087512076,112,0.030402532498949773
