author_type,rating_bin_mid,mean_correct,sem_correct,n
AI,1.25,,,0
AI,1.75,0.782608695652174,0.06148754619013455,46
AI,2.25,,,0
AI,2.75,0.8181818181818182,0.04135080237703109,88
AI,3.25,,,0
AI,3.75,0.6847826086956522,0.04870356481341372,92
AI,4.25,,,0
AI,4.75,0.6133333333333333,0.03989546370031046,150
AI,5.25,,,0
AI,5.75,0.5,0.0443678254708057,128
AI,6.25,,,0
AI,6.75,0.3235294117647059,0.04655010411319612,102
AI,7.25,,,0
AI,7.75,0.3977272727272727,0.052472246551079,88
AI,8.25,,,0
AI,8.75,0.3488372093023256,0.07354134093414837,43
AI,9.25,,,0
AI,9.75,0.3333333333333333,0.10540925533894599,21
AI,10.25,,,0
AI,10.75,,,0
Human,1.25,,,0
Human,1.75,0.4489795918367347,0.07179207795648106,49
Human,2.25,,,0
Human,2.75,0.47474747474747475,0.050443169676619146,99
Human,3.25,,,0
Human,3.75,0.45323741007194246,0.042376270036392404,139
Human,4.25,,,0
Human,4.75,0.5416666666666666,0.03855658326546996,168
Human,5.25,,,0
Human,5.75,0.7225433526011561,0.03414014007044037,173
Human,6.25,,,0
Human,6.75,0.8012422360248447,0.031548882234038,161
Human,7.25,,,0
Human,7.75,0.8285714285714286,0.03695642136439613,105
Human,8.25,,,0
Human,8.75,0.8524590163934426,0.045784393586127674,61
Human,9.25,,,0
Human,9.75,0.9259259259259259,0.0513611292801138,27
Human,10.25,,,0
Human,10.75,,,0
