Author,Rating,Predicted_Probability
AI,1.0,0.9088396292854045
AI,1.0909090909090908,0.9055261816400194
AI,1.1818181818181819,0.9021052711742985
AI,1.2727272727272727,0.898574363594329
AI,1.3636363636363638,0.8949309348487708
AI,1.4545454545454546,0.8911724772757531
AI,1.5454545454545454,0.8872965061482451
AI,1.6363636363636362,0.883300566621423
AI,1.7272727272727273,0.8791822410833668
AI,1.8181818181818183,0.8749391569079833
AI,1.9090909090909092,0.8705689946063605
AI,2.0,0.8660694963698057
AI,2.090909090909091,0.8614384749945994
AI,2.1818181818181817,0.8566738231750343
AI,2.2727272727272725,0.8517735231475777
AI,2.3636363636363638,0.846735656665039
AI,2.4545454545454546,0.8415584152754374
AI,2.5454545454545454,0.8362401108758756
AI,2.6363636363636367,0.8307791865071656
AI,2.7272727272727275,0.825174227350238
AI,2.8181818181818183,0.8194239718805573
AI,2.909090909090909,0.8135273231318884
AI,3.0,0.8074833600158677
AI,3.090909090909091,0.8012913486389955
AI,3.1818181818181817,0.7949507535539239
AI,3.272727272727273,0.7884612488773584
AI,3.3636363636363638,0.7818227292025758
AI,3.4545454545454546,0.7750353202305758
AI,3.5454545454545454,0.7680993890402966
AI,3.6363636363636362,0.7610155539152441
AI,3.7272727272727275,0.7537846936413498
AI,3.8181818181818183,0.746407956189027
AI,3.909090909090909,0.7388867666912633
AI,4.0,0.7312228346292894
AI,4.090909090909091,0.7234181601379496
AI,4.181818181818182,0.7154750393444496
AI,4.272727272727273,0.7073960686567089
AI,4.363636363636363,0.6991841479211685
AI,4.454545454545455,0.6908424823746028
AI,4.545454545454545,0.6823745833203034
AI,4.636363636363637,0.673784267465906
AI,4.7272727272727275,0.6650756548681465
AI,4.818181818181818,0.6562531654388649
AI,4.909090909090909,0.6473215139766234
AI,5.0,0.6382857036992442
AI,5.090909090909091,0.6291510182643308
AI,5.181818181818182,0.6199230122772872
AI,5.2727272727272725,0.6106075002993466
AI,5.363636363636363,0.6012105443815324
AI,5.454545454545455,0.5917384401640994
AI,5.545454545454546,0.5821977015946982
AI,5.636363636363637,0.5725950443320446
AI,5.7272727272727275,0.5629373679150922
AI,5.818181818181818,0.5532317367903903
AI,5.909090909090909,0.5434853603022592
AI,6.0,0.5337055717614694
AI,6.090909090909091,0.5238998067180587
AI,6.181818181818182,0.514075580572629
AI,6.2727272727272725,0.5042404656677683
AI,6.363636363636364,0.4944020680070321
AI,6.454545454545455,0.4845680037530929
AI,6.545454545454546,0.4747458756591398
AI,6.636363636363637,0.46494324958837235
AI,6.7272727272727275,0.4551676312754351
AI,6.818181818181818,0.44542644348091925
AI,6.909090909090909,0.43572700368566514
AI,7.0,0.4260765024655886
AI,7.090909090909091,0.41648198268025344
AI,7.181818181818182,0.4069503195995215
AI,7.2727272727272725,0.3974882020825011
AI,7.363636363636364,0.38810211491182944
AI,7.454545454545455,0.3787983223742595
AI,7.545454545454546,0.3695828531657491
AI,7.636363636363637,0.36046148668598893
AI,7.7272727272727275,0.35143974077371687
AI,7.818181818181818,0.3425228609204896
AI,7.909090909090909,0.3337158109869568
AI,8.0,0.3250232654323355
AI,8.09090909090909,0.3164496030548408
AI,8.181818181818182,0.30799890222847087
AI,8.272727272727273,0.29967493760989483
AI,8.363636363636363,0.291481178278361
AI,8.454545454545455,0.28342078726164477
AI,8.545454545454547,0.2754966223921472
AI,8.636363636363637,0.2677112384294007
AI,8.727272727272727,0.26006689037847974
AI,8.818181818181818,0.2525655379281521
AI,8.90909090909091,0.24520885092805655
AI,9.0,0.23799821582072134
AI,9.090909090909092,0.23093474294182412
AI,9.181818181818182,0.2240192746006848
AI,9.272727272727273,0.21725239385251788
AI,9.363636363636363,0.21063443387439718
AI,9.454545454545455,0.20416548785810562
AI,9.545454545454545,0.19784541933500893
AI,9.636363636363637,0.1916738728506861
AI,9.727272727272727,0.18565028491022045
AI,9.818181818181818,0.17977389511869427
AI,9.90909090909091,0.1740437574454677
AI,10.0,0.16845875154517528
Human,1.0,0.28632676275898955
Human,1.0909090909090908,0.29279134131624557
Human,1.1818181818181819,0.2993406559139228
Human,1.2727272727272727,0.30597308664570694
Human,1.3636363636363638,0.3126868891384607
Human,1.4545454545454546,0.3194801946425815
Human,1.5454545454545454,0.3263510104786056
Human,1.6363636363636362,0.333297220850462
Human,1.7272727272727273,0.3403165880342147
Human,1.8181818181818183,0.34740675394943665
Human,1.9090909090909092,0.35456524211854484
Human,2.0,0.3617894600175049
Human,2.090909090909091,0.36907670181929264
Human,2.1818181818181817,0.37642415152940023
Human,2.2727272727272725,0.38382888651050556
Human,2.3636363636363638,0.39128788139120335
Human,2.4545454545454546,0.39879801235144424
Human,2.5454545454545454,0.40635606177506256
Human,2.6363636363636367,0.4139587232575101
Human,2.7272727272727275,0.42160260695468116
Human,2.8181818181818183,0.42928424525652487
Human,2.909090909090909,0.4370000987670197
Human,3.0,0.4447465625700521
Human,3.090909090909091,0.4525199727588202
Human,3.1818181818181817,0.46031661320458184
Human,3.272727272727273,0.46813272253892046
Human,3.3636363636363638,0.4759645013222126
Human,3.4545454545454546,0.48380811936967566
Human,3.5454545454545454,0.4916597232052573
Human,3.6363636363636362,0.4995154436127181
Human,3.7272727272727275,0.507371403252569
Human,3.8181818181818183,0.5152237243130463
Human,3.909090909090909,0.523068536163067
Human,4.0,0.5309019829750912
Human,4.090909090909091,0.5387202312860355
Human,4.181818181818182,0.5465194774648241
Human,4.272727272727273,0.5542959550558343
Human,4.363636363636363,0.5620459419683731
Human,4.454545454545455,0.5697657674834182
Human,4.545454545454545,0.5774518190501305
Human,4.636363636363637,0.5851005488461245
Human,4.7272727272727275,0.5927084800771002
Human,4.818181818181818,0.6002722129932314
Human,4.909090909090909,0.6077884306016059
Human,5.0,0.6152539040560392
Human,5.090909090909091,0.622665497707691
Human,5.181818181818182,0.6300201738020949
Human,5.2727272727272725,0.6373149968104463
Human,5.363636363636363,0.6445471373852434
Human,5.454545454545455,0.6517138759326526
Human,5.545454545454546,0.6588126057962197
Human,5.636363636363637,0.665840836048772
Human,5.7272727272727275,0.6727961938915373
Human,5.818181818181818,0.6796764266616105
Human,5.909090909090909,0.6864794034509338
Human,6.0,0.6932031163418864
Human,6.090909090909091,0.69984568126641
Human,6.181818181818182,0.7064053384973089
Human,6.2727272727272725,0.7128804527819388
Human,6.363636363636364,0.7192695131299552
Human,6.454545454545455,0.7255711322680978
Human,6.545454545454546,0.7317840457761526
Human,6.636363636363637,0.7379071109192544
Human,6.7272727272727275,0.7439393051925652
Human,6.818181818181818,0.749879724595092
Human,6.909090909090909,0.7557275816499915
Human,7.0,0.7614822031891543
Human,7.090909090909091,0.7671430279201674
Human,7.181818181818182,0.7727096037939374
Human,7.2727272727272725,0.7781815851913066
Human,7.363636363636364,0.7835587299469393
Human,7.454545454545455,0.7888408962285804
Human,7.545454545454546,0.7940280392895251
Human,7.636363636363637,0.7991202081117725
Human,7.7272727272727275,0.8041175419568926
Human,7.818181818181818,0.8090202668411218
Human,7.909090909090909,0.8138286919506168
Human,8.0,0.8185432060121518
Human,8.09090909090909,0.8231642736338722
Human,8.181818181818182,0.8276924316299726
Human,8.272727272727273,0.8321282853424263
Human,8.363636363636363,0.8364725049721032
Human,8.454545454545455,0.8407258219308196
Human,8.545454545454547,0.8448890252250554
Human,8.636363636363637,0.8489629578812677
Human,8.727272727272727,0.8529485134219185
Human,8.818181818181818,0.8568466324005397
Human,8.90909090909091,0.8606582990033692
Human,9.0,0.8643845377243227
Human,9.090909090909092,0.8680264101193224
Human,9.181818181818182,0.8715850116452677
Human,9.272727272727273,0.8750614685882503
Human,9.363636363636363,0.8784569350849308
Human,9.454545454545455,0.8817725902403698
Human,9.545454545454545,0.8850096353449867
Human,9.636363636363637,0.8881692911927624
Human,9.727272727272727,0.8912527955022457
Human,9.818181818181818,0.8942614004414321
Human,9.90909090909091,0.8971963702571094
Human,10.0,0.9000589790088247
