respondent_id,flitz_number,true_author,predicted_author,correct,rating,temperature
0,1,Human,Human,1,8.0,
1,1,Human,AI,0,4.0,
2,1,Human,Human,1,4.0,
3,1,Human,AI,0,6.0,
4,1,Human,Human,1,6.0,
5,1,Human,Human,1,3.0,
6,1,Human,AI,0,3.0,
7,1,Human,AI,0,3.0,
8,1,Human,AI,0,3.0,
9,1,Human,AI,0,2.0,
10,1,Human,AI,0,5.0,
11,1,Human,Human,1,6.0,
12,1,Human,AI,0,10.0,
13,1,Human,AI,0,2.0,
14,1,Human,Human,1,7.0,
15,1,Human,Human,1,5.0,
16,1,Human,Human,1,,
17,1,Human,Human,1,3.0,
18,1,Human,AI,0,4.0,
19,1,Human,AI,0,6.0,
20,1,Human,Human,1,8.0,
21,1,Human,Human,1,6.0,
22,1,Human,Human,1,3.0,
23,1,Human,Human,1,3.0,
24,1,Human,Human,1,7.0,
25,1,Human,AI,0,6.0,
26,1,Human,Human,1,7.0,
27,1,Human,Human,1,7.0,
28,1,Human,Human,1,4.0,
29,1,Human,AI,0,4.0,
30,1,Human,Human,1,9.0,
31,1,Human,AI,0,1.0,
32,1,Human,Human,1,2.0,
33,1,Human,AI,0,3.0,
34,1,Human,AI,0,9.0,
35,1,Human,AI,0,7.0,
36,1,Human,Human,1,3.0,
37,1,Human,Human,1,6.0,
38,1,Human,AI,0,5.0,
39,1,Human,Human,1,8.0,
40,1,Human,AI,0,5.0,
41,1,Human,AI,0,3.0,
42,1,Human,Human,1,7.0,
43,1,Human,AI,0,3.0,
44,1,Human,AI,0,7.0,
45,1,Human,Human,1,9.0,
46,1,Human,Human,1,,
47,1,Human,AI,0,4.0,
48,1,Human,AI,0,5.0,
49,1,Human,AI,0,3.0,
50,1,Human,Human,1,7.0,
51,1,Human,Human,1,5.0,
52,1,Human,AI,0,5.0,
53,1,Human,Human,1,8.0,
54,1,Human,Human,1,7.0,
55,1,Human,AI,0,2.0,
56,1,Human,AI,0,4.0,
57,1,Human,Human,1,7.0,
58,1,Human,AI,0,3.0,
59,1,Human,Human,1,9.0,
60,1,Human,AI,0,5.0,
61,1,Human,Human,1,8.0,
62,1,Human,AI,0,3.0,
63,1,Human,Human,1,3.0,
64,1,Human,AI,0,1.0,
65,1,Human,AI,0,5.0,
66,1,Human,AI,0,6.0,
67,1,Human,AI,0,3.0,
68,1,Human,AI,0,4.0,
69,1,Human,Human,1,3.0,
70,1,Human,Human,1,5.0,
71,1,Human,AI,0,8.0,
72,1,Human,AI,0,5.0,
73,1,Human,Human,1,10.0,
74,1,Human,AI,0,7.0,
75,1,Human,AI,0,3.0,
76,1,Human,AI,0,8.0,
77,1,Human,Human,1,8.0,
78,1,Human,Human,1,7.0,
79,1,Human,Human,1,4.0,
80,1,Human,Human,1,2.0,
81,1,Human,AI,0,3.0,
82,1,Human,AI,0,3.0,
83,1,Human,Human,1,6.0,
84,1,Human,Human,1,3.0,
85,1,Human,AI,0,4.0,
86,1,Human,Human,1,1.0,
87,1,Human,Human,1,7.0,
88,1,Human,Human,1,8.0,
89,1,Human,AI,0,6.0,
90,1,Human,Human,1,6.0,
91,1,Human,Human,1,8.0,
92,1,Human,Human,1,7.0,
93,1,Human,Human,1,5.0,
94,1,Human,Human,1,5.0,
95,1,Human,AI,0,8.0,
96,1,Human,AI,0,6.0,
97,1,Human,AI,0,2.0,
98,1,Human,Human,1,7.0,
99,1,Human,Human,1,8.0,
100,1,Human,Human,1,4.0,
101,1,Human,Human,1,7.0,
102,1,Human,Human,1,5.0,
103,1,Human,Human,1,3.0,
104,1,Human,Human,1,3.0,
105,1,Human,AI,0,9.0,
106,1,Human,Human,1,6.0,
107,1,Human,AI,0,3.0,
108,1,Human,Human,1,2.0,
109,1,Human,Human,1,5.0,
110,1,Human,AI,0,6.0,
111,1,Human,AI,0,5.0,
112,1,Human,AI,0,3.0,
113,1,Human,AI,0,4.0,
114,1,Human,AI,0,8.0,
115,1,Human,AI,0,5.0,
116,1,Human,AI,0,3.0,
0,2,Human,AI,0,8.0,
1,2,Human,Human,1,5.0,
2,2,Human,AI,0,5.0,
3,2,Human,Human,1,9.0,
4,2,Human,AI,0,6.0,
5,2,Human,AI,0,6.0,
6,2,Human,Human,1,5.0,
7,2,Human,Human,1,8.0,
8,2,Human,Human,1,7.0,
9,2,Human,Human,1,9.0,
10,2,Human,Human,1,7.0,
11,2,Human,Human,1,4.0,
12,2,Human,AI,0,6.0,
13,2,Human,Human,1,4.0,
14,2,Human,AI,0,5.0,
15,2,Human,AI,0,5.0,
16,2,Human,Human,1,,
17,2,Human,AI,0,6.0,
18,2,Human,Human,1,8.0,
19,2,Human,Human,1,8.0,
20,2,Human,AI,0,4.0,
21,2,Human,AI,0,5.0,
22,2,Human,AI,0,7.0,
23,2,Human,Human,1,2.0,
24,2,Human,AI,0,5.0,
25,2,Human,Human,1,7.0,
26,2,Human,AI,0,4.0,
27,2,Human,Human,1,6.0,
28,2,Human,Human,1,5.0,
29,2,Human,Human,1,6.0,
30,2,Human,AI,0,3.0,
31,2,Human,Human,1,7.0,
32,2,Human,Human,1,2.0,
33,2,Human,AI,0,2.0,
34,2,Human,Human,1,8.0,
35,2,Human,AI,0,7.0,
36,2,Human,AI,0,2.0,
37,2,Human,AI,0,4.0,
38,2,Human,AI,0,5.0,
39,2,Human,Human,1,9.0,
40,2,Human,AI,0,2.0,
41,2,Human,Human,1,6.0,
42,2,Human,Human,1,6.0,
43,2,Human,AI,0,4.0,
44,2,Human,AI,0,4.0,
45,2,Human,Human,1,9.0,
46,2,Human,AI,0,,
47,2,Human,Human,1,9.0,
48,2,Human,Human,1,4.0,
49,2,Human,AI,0,4.0,
50,2,Human,Human,1,6.0,
51,2,Human,AI,0,8.0,
52,2,Human,Human,1,7.0,
54,2,Human,AI,0,3.0,
55,2,Human,Human,1,2.0,
56,2,Human,Human,1,8.0,
57,2,Human,AI,0,7.0,
58,2,Human,Human,1,6.0,
59,2,Human,Human,1,9.0,
60,2,Human,Human,1,8.0,
61,2,Human,Human,1,8.0,
62,2,Human,Human,1,7.0,
63,2,Human,AI,0,7.0,
64,2,Human,Human,1,2.0,
65,2,Human,Human,1,7.0,
66,2,Human,Human,1,7.0,
67,2,Human,Human,1,6.0,
68,2,Human,Human,1,9.0,
69,2,Human,Human,1,5.0,
70,2,Human,Human,1,7.0,
71,2,Human,Human,1,7.0,
72,2,Human,Human,1,7.0,
73,2,Human,Human,1,10.0,
74,2,Human,Human,1,5.0,
75,2,Human,AI,0,5.0,
76,2,Human,Human,1,8.0,
77,2,Human,AI,0,4.0,
78,2,Human,AI,0,4.0,
79,2,Human,Human,1,3.0,
80,2,Human,AI,0,3.0,
81,2,Human,Human,1,6.0,
83,2,Human,Human,1,6.0,
84,2,Human,Human,1,6.0,
85,2,Human,Human,1,7.0,
87,2,Human,Human,1,5.0,
88,2,Human,Human,1,7.0,
89,2,Human,Human,1,9.0,
90,2,Human,AI,0,7.0,
91,2,Human,AI,0,6.0,
92,2,Human,Human,1,8.0,
93,2,Human,Human,1,7.0,
94,2,Human,AI,0,1.0,
95,2,Human,Human,1,9.0,
96,2,Human,Human,1,7.0,
97,2,Human,Human,1,6.0,
98,2,Human,AI,0,8.0,
99,2,Human,AI,0,5.0,
100,2,Human,Human,1,5.0,
101,2,Human,AI,0,4.0,
102,2,Human,Human,1,7.0,
103,2,Human,AI,0,5.0,
104,2,Human,AI,0,7.0,
105,2,Human,Human,1,10.0,
106,2,Human,Human,1,5.0,
107,2,Human,Human,1,7.0,
108,2,Human,AI,0,2.0,
109,2,Human,AI,0,5.0,
110,2,Human,Human,1,6.0,
111,2,Human,Human,1,6.0,
112,2,Human,Human,1,6.0,
113,2,Human,Human,1,7.0,
114,2,Human,Human,1,9.0,
115,2,Human,Human,1,4.0,
116,2,Human,Human,1,5.0,
0,3,AI,AI,1,1.0,1.5
1,3,AI,AI,1,1.0,1.5
2,3,AI,AI,1,1.0,1.5
3,3,AI,AI,1,5.0,1.5
4,3,AI,Human,0,6.0,1.5
5,3,AI,AI,1,2.0,1.5
6,3,AI,Human,0,1.0,1.5
7,3,AI,AI,1,1.0,1.5
8,3,AI,AI,1,1.0,1.5
9,3,AI,AI,1,1.0,1.5
10,3,AI,Human,0,7.0,1.5
11,3,AI,AI,1,1.0,1.5
12,3,AI,AI,1,5.0,1.5
13,3,AI,AI,1,1.0,1.5
14,3,AI,AI,1,1.0,1.5
15,3,AI,AI,1,5.0,1.5
16,3,AI,AI,1,,1.5
17,3,AI,Human,0,2.0,1.5
18,3,AI,AI,1,2.0,1.5
19,3,AI,AI,1,1.0,1.5
20,3,AI,AI,1,4.0,1.5
21,3,AI,Human,0,2.0,1.5
22,3,AI,Human,0,2.0,1.5
23,3,AI,AI,1,1.0,1.5
24,3,AI,AI,1,1.0,1.5
25,3,AI,AI,1,1.0,1.5
26,3,AI,AI,1,4.0,1.5
27,3,AI,AI,1,3.0,1.5
28,3,AI,AI,1,1.0,1.5
29,3,AI,AI,1,1.0,1.5
30,3,AI,AI,1,8.0,1.5
31,3,AI,AI,1,1.0,1.5
32,3,AI,AI,1,3.0,1.5
33,3,AI,AI,1,1.0,1.5
34,3,AI,AI,1,8.0,1.5
35,3,AI,Human,0,4.0,1.5
36,3,AI,AI,1,1.0,1.5
37,3,AI,AI,1,1.0,1.5
38,3,AI,Human,0,4.0,1.5
39,3,AI,AI,1,1.0,1.5
40,3,AI,Human,0,8.0,1.5
41,3,AI,AI,1,1.0,1.5
42,3,AI,AI,1,1.0,1.5
43,3,AI,AI,1,1.0,1.5
44,3,AI,Human,0,5.0,1.5
45,3,AI,AI,1,1.0,1.5
46,3,AI,Human,0,,1.5
47,3,AI,AI,1,1.0,1.5
48,3,AI,AI,1,1.0,1.5
49,3,AI,AI,1,1.0,1.5
50,3,AI,AI,1,2.0,1.5
51,3,AI,AI,1,5.0,1.5
52,3,AI,AI,1,5.0,1.5
53,3,AI,AI,1,1.0,1.5
54,3,AI,AI,1,1.0,1.5
55,3,AI,AI,1,1.0,1.5
56,3,AI,AI,1,2.0,1.5
57,3,AI,AI,1,4.0,1.5
58,3,AI,Human,0,7.0,1.5
59,3,AI,Human,0,1.0,1.5
60,3,AI,AI,1,2.0,1.5
61,3,AI,AI,1,1.0,1.5
62,3,AI,AI,1,1.0,1.5
63,3,AI,AI,1,1.0,1.5
64,3,AI,AI,1,1.0,1.5
65,3,AI,Human,0,2.0,1.5
66,3,AI,AI,1,1.0,1.5
68,3,AI,Human,0,1.0,1.5
69,3,AI,AI,1,1.0,1.5
70,3,AI,AI,1,1.0,1.5
71,3,AI,AI,1,3.0,1.5
72,3,AI,AI,1,3.0,1.5
73,3,AI,AI,1,1.0,1.5
74,3,AI,Human,0,8.0,1.5
75,3,AI,AI,1,1.0,1.5
76,3,AI,AI,1,1.0,1.5
77,3,AI,AI,1,1.0,1.5
78,3,AI,AI,1,2.0,1.5
79,3,AI,AI,1,1.0,1.5
80,3,AI,AI,1,1.0,1.5
81,3,AI,AI,1,1.0,1.5
83,3,AI,AI,1,1.0,1.5
84,3,AI,AI,1,1.0,1.5
85,3,AI,AI,1,1.0,1.5
87,3,AI,AI,1,3.0,1.5
88,3,AI,AI,1,1.0,1.5
89,3,AI,AI,1,1.0,1.5
90,3,AI,AI,1,2.0,1.5
91,3,AI,AI,1,1.0,1.5
92,3,AI,AI,1,1.0,1.5
93,3,AI,AI,1,1.0,1.5
94,3,AI,AI,1,1.0,1.5
95,3,AI,AI,1,1.0,1.5
96,3,AI,AI,1,4.0,1.5
97,3,AI,AI,1,1.0,1.5
98,3,AI,AI,1,10.0,1.5
99,3,AI,AI,1,1.0,1.5
100,3,AI,AI,1,1.0,1.5
101,3,AI,AI,1,1.0,1.5
102,3,AI,Human,0,10.0,1.5
103,3,AI,Human,0,3.0,1.5
104,3,AI,AI,1,9.0,1.5
105,3,AI,AI,1,4.0,1.5
106,3,AI,AI,1,1.0,1.5
107,3,AI,AI,1,1.0,1.5
108,3,AI,AI,1,2.0,1.5
109,3,AI,AI,1,1.0,1.5
110,3,AI,Human,0,10.0,1.5
111,3,AI,AI,1,2.0,1.5
112,3,AI,AI,1,1.0,1.5
113,3,AI,AI,1,1.0,1.5
114,3,AI,Human,0,2.0,1.5
115,3,AI,AI,1,1.0,1.5
116,3,AI,AI,1,1.0,1.5
0,4,AI,AI,1,5.0,0.25
1,4,AI,Human,0,5.0,0.25
2,4,AI,Human,0,4.0,0.25
3,4,AI,AI,1,6.0,0.25
4,4,AI,Human,0,7.0,0.25
5,4,AI,Human,0,7.0,0.25
6,4,AI,AI,1,5.0,0.25
7,4,AI,AI,1,6.0,0.25
8,4,AI,Human,0,9.0,0.25
9,4,AI,AI,1,5.0,0.25
10,4,AI,AI,1,7.0,0.25
11,4,AI,Human,0,4.0,0.25
12,4,AI,Human,0,10.0,0.25
13,4,AI,Human,0,6.0,0.25
14,4,AI,AI,1,8.0,0.25
15,4,AI,Human,0,5.0,0.25
16,4,AI,AI,1,,0.25
17,4,AI,AI,1,5.0,0.25
18,4,AI,Human,0,8.0,0.25
19,4,AI,AI,1,8.0,0.25
20,4,AI,AI,1,5.0,0.25
21,4,AI,Human,0,7.0,0.25
22,4,AI,AI,1,5.0,0.25
23,4,AI,AI,1,3.0,0.25
24,4,AI,Human,0,6.0,0.25
25,4,AI,Human,0,8.0,0.25
26,4,AI,Human,0,10.0,0.25
27,4,AI,Human,0,8.0,0.25
28,4,AI,Human,0,6.0,0.25
29,4,AI,AI,1,5.0,0.25
30,4,AI,AI,1,6.0,0.25
31,4,AI,AI,1,5.0,0.25
32,4,AI,AI,1,3.0,0.25
33,4,AI,Human,0,4.0,0.25
34,4,AI,Human,0,8.0,0.25
35,4,AI,Human,0,1.0,0.25
36,4,AI,Human,0,5.0,0.25
37,4,AI,AI,1,4.0,0.25
38,4,AI,Human,0,4.0,0.25
39,4,AI,AI,1,5.0,0.25
40,4,AI,AI,1,8.0,0.25
41,4,AI,Human,0,4.0,0.25
42,4,AI,Human,0,6.0,0.25
43,4,AI,Human,0,7.0,0.25
44,4,AI,Human,0,5.0,0.25
45,4,AI,AI,1,5.0,0.25
46,4,AI,AI,1,,0.25
47,4,AI,Human,0,8.0,0.25
48,4,AI,AI,1,6.0,0.25
49,4,AI,Human,0,6.0,0.25
50,4,AI,AI,1,6.0,0.25
51,4,AI,Human,0,5.0,0.25
52,4,AI,AI,1,7.0,0.25
53,4,AI,AI,1,6.0,0.25
54,4,AI,AI,1,4.0,0.25
55,4,AI,Human,0,4.0,0.25
56,4,AI,Human,0,9.0,0.25
57,4,AI,AI,1,7.0,0.25
58,4,AI,AI,1,6.0,0.25
59,4,AI,AI,1,8.0,0.25
60,4,AI,Human,0,6.0,0.25
61,4,AI,Human,0,9.0,0.25
62,4,AI,Human,0,8.0,0.25
63,4,AI,Human,0,6.0,0.25
64,4,AI,AI,1,1.0,0.25
65,4,AI,AI,1,8.0,0.25
66,4,AI,AI,1,4.0,0.25
68,4,AI,Human,0,9.0,0.25
69,4,AI,Human,0,3.0,0.25
70,4,AI,Human,0,5.0,0.25
71,4,AI,AI,1,6.0,0.25
72,4,AI,Human,0,7.0,0.25
73,4,AI,AI,1,7.0,0.25
74,4,AI,Human,0,6.0,0.25
75,4,AI,Human,0,6.0,0.25
76,4,AI,Human,0,7.0,0.25
77,4,AI,Human,0,7.0,0.25
78,4,AI,Human,0,5.0,0.25
79,4,AI,Human,0,7.0,0.25
80,4,AI,AI,1,2.0,0.25
81,4,AI,Human,0,5.0,0.25
82,4,AI,AI,1,5.0,0.25
83,4,AI,Human,0,9.0,0.25
84,4,AI,AI,1,8.0,0.25
85,4,AI,AI,1,2.0,0.25
87,4,AI,AI,1,4.0,0.25
89,4,AI,Human,0,9.0,0.25
90,4,AI,Human,0,7.0,0.25
91,4,AI,Human,0,5.0,0.25
92,4,AI,Human,0,6.0,0.25
93,4,AI,AI,1,5.0,0.25
94,4,AI,AI,1,7.0,0.25
95,4,AI,AI,1,9.0,0.25
96,4,AI,Human,0,8.0,0.25
97,4,AI,AI,1,5.0,0.25
98,4,AI,AI,1,8.0,0.25
99,4,AI,AI,1,6.0,0.25
100,4,AI,AI,1,5.0,0.25
101,4,AI,Human,0,7.0,0.25
102,4,AI,AI,1,3.0,0.25
103,4,AI,AI,1,4.0,0.25
104,4,AI,Human,0,5.0,0.25
105,4,AI,Human,0,7.0,0.25
106,4,AI,AI,1,8.0,0.25
107,4,AI,AI,1,2.0,0.25
108,4,AI,Human,0,1.0,0.25
109,4,AI,AI,1,4.0,0.25
110,4,AI,AI,1,8.0,0.25
111,4,AI,Human,0,6.0,0.25
112,4,AI,AI,1,3.0,0.25
113,4,AI,Human,0,7.0,0.25
114,4,AI,AI,1,7.0,0.25
115,4,AI,Human,0,8.0,0.25
116,4,AI,AI,1,4.0,0.25
0,5,AI,AI,1,7.0,0.5
1,5,AI,Human,0,5.0,0.5
2,5,AI,AI,1,6.0,0.5
3,5,AI,Human,0,8.0,0.5
4,5,AI,AI,1,6.0,0.5
5,5,AI,Human,0,6.0,0.5
6,5,AI,Human,0,7.0,0.5
7,5,AI,AI,1,5.0,0.5
8,5,AI,AI,1,5.0,0.5
9,5,AI,Human,0,8.0,0.5
10,5,AI,AI,1,5.0,0.5
11,5,AI,AI,1,3.0,0.5
12,5,AI,Human,0,10.0,0.5
13,5,AI,Human,0,8.0,0.5
14,5,AI,Human,0,7.0,0.5
15,5,AI,AI,1,6.0,0.5
16,5,AI,Human,0,,0.5
17,5,AI,Human,0,7.0,0.5
18,5,AI,Human,0,8.0,0.5
19,5,AI,AI,1,7.0,0.5
20,5,AI,Human,0,7.0,0.5
21,5,AI,AI,1,8.0,0.5
22,5,AI,Human,0,5.0,0.5
23,5,AI,Human,0,4.0,0.5
24,5,AI,Human,0,8.0,0.5
25,5,AI,AI,1,6.0,0.5
26,5,AI,AI,1,7.0,0.5
27,5,AI,AI,1,6.0,0.5
28,5,AI,AI,1,7.0,0.5
29,5,AI,Human,0,5.0,0.5
30,5,AI,Human,0,8.0,0.5
31,5,AI,AI,1,1.0,0.5
32,5,AI,Human,0,5.0,0.5
33,5,AI,Human,0,4.0,0.5
34,5,AI,AI,1,9.0,0.5
35,5,AI,AI,1,5.0,0.5
36,5,AI,Human,0,7.0,0.5
37,5,AI,AI,1,7.0,0.5
38,5,AI,Human,0,4.0,0.5
39,5,AI,AI,1,5.0,0.5
40,5,AI,Human,0,10.0,0.5
41,5,AI,Human,0,7.0,0.5
42,5,AI,Human,0,7.0,0.5
43,5,AI,Human,0,9.0,0.5
44,5,AI,AI,1,8.0,0.5
45,5,AI,Human,0,4.0,0.5
46,5,AI,AI,1,,0.5
47,5,AI,AI,1,7.0,0.5
48,5,AI,Human,0,5.0,0.5
49,5,AI,AI,1,5.0,0.5
50,5,AI,AI,1,8.0,0.5
51,5,AI,Human,0,5.0,0.5
52,5,AI,AI,1,6.0,0.5
53,5,AI,Human,0,9.0,0.5
54,5,AI,AI,1,3.0,0.5
55,5,AI,Human,0,7.0,0.5
56,5,AI,Human,0,9.0,0.5
57,5,AI,AI,1,8.0,0.5
58,5,AI,Human,0,4.0,0.5
59,5,AI,AI,1,8.0,0.5
60,5,AI,Human,0,6.0,0.5
61,5,AI,AI,1,7.0,0.5
62,5,AI,Human,0,5.0,0.5
63,5,AI,AI,1,6.0,0.5
64,5,AI,Human,0,3.0,0.5
65,5,AI,Human,0,7.0,0.5
66,5,AI,Human,0,5.0,0.5
67,5,AI,Human,0,4.0,0.5
68,5,AI,AI,1,1.0,0.5
69,5,AI,AI,1,3.0,0.5
70,5,AI,Human,0,6.0,0.5
71,5,AI,AI,1,5.0,0.5
72,5,AI,AI,1,5.0,0.5
73,5,AI,AI,1,7.0,0.5
74,5,AI,AI,1,6.0,0.5
75,5,AI,Human,0,6.0,0.5
76,5,AI,Human,0,8.0,0.5
77,5,AI,AI,1,3.0,0.5
78,5,AI,Human,0,5.0,0.5
79,5,AI,AI,1,3.0,0.5
80,5,AI,AI,1,2.0,0.5
81,5,AI,Human,0,7.0,0.5
82,5,AI,AI,1,4.0,0.5
83,5,AI,Human,0,5.0,0.5
84,5,AI,AI,1,7.0,0.5
85,5,AI,AI,1,3.0,0.5
87,5,AI,AI,1,5.0,0.5
88,5,AI,AI,1,9.0,0.5
89,5,AI,Human,0,6.0,0.5
90,5,AI,AI,1,6.0,0.5
91,5,AI,AI,1,5.0,0.5
92,5,AI,Human,0,6.0,0.5
93,5,AI,AI,1,4.0,0.5
94,5,AI,Human,0,7.0,0.5
95,5,AI,Human,0,7.0,0.5
96,5,AI,Human,0,5.0,0.5
97,5,AI,Human,0,7.0,0.5
98,5,AI,Human,0,9.0,0.5
99,5,AI,Human,0,8.0,0.5
100,5,AI,AI,1,6.0,0.5
101,5,AI,Human,0,5.0,0.5
102,5,AI,AI,1,3.0,0.5
103,5,AI,AI,1,3.0,0.5
104,5,AI,AI,1,8.0,0.5
105,5,AI,Human,0,8.0,0.5
106,5,AI,AI,1,8.0,0.5
107,5,AI,Human,0,4.0,0.5
108,5,AI,Human,0,3.0,0.5
109,5,AI,Human,0,5.0,0.5
110,5,AI,Human,0,7.0,0.5
111,5,AI,Human,0,7.0,0.5
112,5,AI,AI,1,5.0,0.5
113,5,AI,AI,1,6.0,0.5
114,5,AI,AI,1,10.0,0.5
115,5,AI,AI,1,6.0,0.5
116,5,AI,AI,1,5.0,0.5
0,6,Human,AI,0,4.0,
1,6,Human,AI,0,4.0,
2,6,Human,AI,0,8.0,
3,6,Human,Human,1,8.0,
4,6,Human,AI,0,6.0,
5,6,Human,AI,0,4.0,
6,6,Human,Human,1,9.0,
7,6,Human,Human,1,6.0,
8,6,Human,AI,0,4.0,
9,6,Human,Human,1,7.0,
10,6,Human,AI,0,4.0,
11,6,Human,Human,1,7.0,
12,6,Human,Human,1,8.0,
13,6,Human,Human,1,7.0,
14,6,Human,Human,1,7.0,
15,6,Human,Human,1,5.0,
16,6,Human,AI,0,,
17,6,Human,AI,0,7.0,
18,6,Human,AI,0,3.0,
19,6,Human,Human,1,6.0,
20,6,Human,Human,1,7.0,
21,6,Human,Human,1,9.0,
22,6,Human,Human,1,5.0,
23,6,Human,AI,0,2.0,
24,6,Human,Human,1,7.0,
25,6,Human,AI,0,5.0,
26,6,Human,Human,1,8.0,
27,6,Human,AI,0,6.0,
28,6,Human,Human,1,9.0,
29,6,Human,AI,0,4.0,
30,6,Human,Human,1,7.0,
31,6,Human,Human,1,1.0,
32,6,Human,AI,0,4.0,
33,6,Human,Human,1,5.0,
34,6,Human,AI,0,9.0,
35,6,Human,Human,1,7.0,
36,6,Human,Human,1,8.0,
37,6,Human,Human,1,7.0,
38,6,Human,AI,0,7.0,
39,6,Human,Human,1,7.0,
40,6,Human,Human,1,10.0,
41,6,Human,Human,1,7.0,
42,6,Human,AI,0,5.0,
43,6,Human,Human,1,5.0,
44,6,Human,Human,1,6.0,
45,6,Human,AI,0,2.0,
46,6,Human,AI,0,,
47,6,Human,Human,1,7.0,
48,6,Human,Human,1,4.0,
49,6,Human,Human,1,5.0,
50,6,Human,AI,0,6.0,
51,6,Human,Human,1,5.0,
52,6,Human,Human,1,8.0,
53,6,Human,AI,0,4.0,
54,6,Human,AI,0,3.0,
55,6,Human,AI,0,6.0,
56,6,Human,Human,1,8.0,
57,6,Human,Human,1,7.0,
58,6,Human,AI,0,3.0,
59,6,Human,Human,1,9.0,
60,6,Human,AI,0,5.0,
61,6,Human,Human,1,8.0,
62,6,Human,AI,0,4.0,
63,6,Human,Human,1,6.0,
64,6,Human,Human,1,3.0,
65,6,Human,Human,1,6.0,
66,6,Human,Human,1,8.0,
67,6,Human,Human,1,6.0,
68,6,Human,Human,1,1.0,
69,6,Human,Human,1,5.0,
70,6,Human,Human,1,5.0,
71,6,Human,Human,1,8.0,
72,6,Human,Human,1,7.0,
73,6,Human,Human,1,8.0,
74,6,Human,Human,1,6.0,
75,6,Human,Human,1,6.0,
76,6,Human,Human,1,10.0,
77,6,Human,Human,1,8.0,
78,6,Human,Human,1,7.0,
79,6,Human,Human,1,2.0,
80,6,Human,Human,1,3.0,
81,6,Human,Human,1,2.0,
82,6,Human,Human,1,7.0,
83,6,Human,Human,1,6.0,
84,6,Human,Human,1,8.0,
85,6,Human,Human,1,6.0,
87,6,Human,AI,0,8.0,
88,6,Human,AI,0,7.0,
89,6,Human,Human,1,8.0,
90,6,Human,Human,1,7.0,
91,6,Human,AI,0,8.0,
92,6,Human,Human,1,7.0,
93,6,Human,Human,1,5.0,
94,6,Human,AI,0,5.0,
95,6,Human,Human,1,8.0,
96,6,Human,Human,1,10.0,
97,6,Human,Human,1,5.0,
98,6,Human,Human,1,9.0,
99,6,Human,Human,1,9.0,
100,6,Human,AI,0,7.0,
101,6,Human,Human,1,5.0,
102,6,Human,Human,1,3.0,
103,6,Human,Human,1,5.0,
104,6,Human,Human,1,3.0,
105,6,Human,Human,1,9.0,
106,6,Human,Human,1,6.0,
107,6,Human,Human,1,9.0,
108,6,Human,Human,1,6.0,
109,6,Human,Human,1,5.0,
110,6,Human,Human,1,8.0,
111,6,Human,AI,0,6.0,
112,6,Human,Human,1,5.0,
113,6,Human,Human,1,9.0,
114,6,Human,Human,1,1.0,
115,6,Human,Human,1,6.0,
116,6,Human,Human,1,9.0,
0,7,Human,AI,0,4.0,
1,7,Human,Human,1,6.0,
2,7,Human,Human,1,6.0,
3,7,Human,AI,0,7.0,
4,7,Human,AI,0,6.0,
5,7,Human,AI,0,5.0,
6,7,Human,Human,1,6.0,
7,7,Human,Human,1,7.0,
8,7,Human,AI,0,3.0,
9,7,Human,AI,0,3.0,
10,7,Human,AI,0,4.0,
11,7,Human,Human,1,4.0,
12,7,Human,Human,1,8.0,
13,7,Human,Human,1,4.0,
14,7,Human,AI,0,6.0,
15,7,Human,AI,0,5.0,
16,7,Human,AI,0,,
17,7,Human,Human,1,7.0,
18,7,Human,AI,0,4.0,
19,7,Human,Human,1,6.0,
20,7,Human,AI,0,4.0,
21,7,Human,Human,1,9.0,
22,7,Human,AI,0,4.0,
23,7,Human,AI,0,2.0,
24,7,Human,Human,1,6.0,
25,7,Human,Human,1,6.0,
26,7,Human,AI,0,7.0,
27,7,Human,AI,0,4.0,
28,7,Human,Human,1,9.0,
29,7,Human,AI,0,3.0,
30,7,Human,AI,0,4.0,
31,7,Human,Human,1,6.0,
32,7,Human,Human,1,2.0,
33,7,Human,AI,0,3.0,
34,7,Human,AI,0,9.0,
35,7,Human,Human,1,8.0,
36,7,Human,Human,1,8.0,
37,7,Human,Human,1,7.0,
38,7,Human,AI,0,7.0,
39,7,Human,AI,0,4.0,
40,7,Human,Human,1,9.0,
41,7,Human,Human,1,6.0,
42,7,Human,Human,1,6.0,
43,7,Human,Human,1,6.0,
44,7,Human,AI,0,6.0,
45,7,Human,AI,0,8.0,
46,7,Human,Human,1,,
47,7,Human,AI,0,6.0,
48,7,Human,Human,1,3.0,
49,7,Human,AI,0,5.0,
50,7,Human,Human,1,5.0,
51,7,Human,AI,0,7.0,
52,7,Human,AI,0,5.0,
53,7,Human,AI,0,4.0,
54,7,Human,AI,0,2.0,
55,7,Human,Human,1,4.0,
56,7,Human,Human,1,7.0,
57,7,Human,AI,0,7.0,
58,7,Human,Human,1,6.0,
59,7,Human,AI,0,5.0,
60,7,Human,Human,1,5.0,
61,7,Human,Human,1,7.0,
62,7,Human,Human,1,5.0,
63,7,Human,Human,1,6.0,
64,7,Human,Human,1,2.0,
65,7,Human,Human,1,8.0,
66,7,Human,AI,0,4.0,
67,7,Human,Human,1,4.0,
68,7,Human,Human,1,8.0,
69,7,Human,Human,1,5.0,
70,7,Human,Human,1,5.0,
71,7,Human,Human,1,6.0,
72,7,Human,AI,0,4.0,
73,7,Human,Human,1,6.0,
74,7,Human,Human,1,6.0,
75,7,Human,AI,0,4.0,
76,7,Human,Human,1,9.0,
77,7,Human,AI,0,2.0,
78,7,Human,Human,1,6.0,
79,7,Human,Human,1,6.0,
80,7,Human,Human,1,2.0,
81,7,Human,Human,1,4.0,
82,7,Human,Human,1,5.0,
83,7,Human,Human,1,6.0,
84,7,Human,Human,1,6.0,
85,7,Human,Human,1,5.0,
87,7,Human,AI,0,6.0,
88,7,Human,Human,1,8.0,
89,7,Human,Human,1,4.0,
90,7,Human,AI,0,5.0,
91,7,Human,Human,1,10.0,
92,7,Human,Human,1,6.0,
93,7,Human,AI,0,5.0,
94,7,Human,AI,0,3.0,
95,7,Human,AI,0,8.0,
96,7,Human,Human,1,8.0,
97,7,Human,Human,1,4.0,
98,7,Human,Human,1,9.0,
99,7,Human,Human,1,6.0,
100,7,Human,Human,1,5.0,
101,7,Human,Human,1,6.0,
102,7,Human,Human,1,5.0,
103,7,Human,AI,0,4.0,
104,7,Human,Human,1,9.0,
105,7,Human,AI,0,6.0,
106,7,Human,Human,1,8.0,
107,7,Human,AI,0,4.0,
108,7,Human,Human,1,7.0,
109,7,Human,AI,0,5.0,
110,7,Human,Human,1,7.0,
111,7,Human,Human,1,6.0,
112,7,Human,Human,1,7.0,
113,7,Human,AI,0,2.0,
114,7,Human,Human,1,8.0,
115,7,Human,AI,0,5.0,
116,7,Human,Human,1,10.0,
0,8,Human,AI,0,6.0,
1,8,Human,Human,1,8.0,
2,8,Human,AI,0,6.0,
3,8,Human,Human,1,6.0,
4,8,Human,AI,0,6.0,
5,8,Human,AI,0,5.0,
6,8,Human,AI,0,,
7,8,Human,AI,0,4.0,
8,8,Human,Human,1,8.0,
9,8,Human,Human,1,9.0,
10,8,Human,AI,0,4.0,
11,8,Human,AI,0,3.0,
12,8,Human,Human,1,8.0,
13,8,Human,Human,1,6.0,
14,8,Human,Human,1,7.0,
15,8,Human,AI,0,5.0,
16,8,Human,Human,1,,
17,8,Human,AI,0,6.0,
18,8,Human,Human,1,6.0,
19,8,Human,Human,1,7.0,
20,8,Human,AI,0,4.0,
21,8,Human,Human,1,9.0,
22,8,Human,AI,0,8.0,
23,8,Human,Human,1,4.0,
24,8,Human,Human,1,7.0,
25,8,Human,Human,1,8.0,
26,8,Human,Human,1,8.0,
27,8,Human,Human,1,5.0,
28,8,Human,Human,1,6.0,
29,8,Human,Human,1,5.0,
30,8,Human,Human,1,9.0,
31,8,Human,Human,1,3.0,
32,8,Human,AI,0,3.0,
33,8,Human,AI,0,2.0,
34,8,Human,Human,1,8.0,
35,8,Human,Human,1,7.0,
36,8,Human,Human,1,8.0,
37,8,Human,AI,0,5.0,
38,8,Human,Human,1,7.0,
39,8,Human,Human,1,8.0,
40,8,Human,AI,0,8.0,
41,8,Human,AI,0,5.0,
42,8,Human,Human,1,6.0,
43,8,Human,Human,1,7.0,
44,8,Human,Human,1,6.0,
45,8,Human,Human,1,8.0,
46,8,Human,Human,1,,
47,8,Human,Human,1,7.0,
48,8,Human,AI,0,6.0,
49,8,Human,AI,0,4.0,
50,8,Human,Human,1,8.0,
51,8,Human,Human,1,3.0,
52,8,Human,Human,1,7.0,
53,8,Human,Human,1,8.0,
54,8,Human,Human,1,8.0,
55,8,Human,AI,0,4.0,
56,8,Human,AI,0,6.0,
57,8,Human,Human,1,8.0,
58,8,Human,AI,0,4.0,
59,8,Human,Human,1,7.0,
60,8,Human,Human,1,4.0,
61,8,Human,Human,1,6.0,
62,8,Human,Human,1,6.0,
63,8,Human,AI,0,7.0,
64,8,Human,Human,1,1.0,
65,8,Human,AI,0,5.0,
66,8,Human,Human,1,6.0,
67,8,Human,Human,1,4.0,
68,8,Human,AI,0,4.0,
69,8,Human,Human,1,4.0,
70,8,Human,AI,0,4.0,
71,8,Human,Human,1,5.0,
72,8,Human,Human,1,8.0,
73,8,Human,Human,1,7.0,
74,8,Human,Human,1,7.0,
75,8,Human,Human,1,6.0,
76,8,Human,Human,1,6.0,
77,8,Human,Human,1,6.0,
78,8,Human,AI,0,7.0,
79,8,Human,Human,1,4.0,
80,8,Human,AI,0,2.0,
81,8,Human,Human,1,6.0,
82,8,Human,Human,1,7.0,
83,8,Human,Human,1,7.0,
84,8,Human,Human,1,4.0,
85,8,Human,Human,1,5.0,
87,8,Human,AI,0,6.0,
88,8,Human,Human,1,5.0,
89,8,Human,Human,1,7.0,
90,8,Human,AI,0,7.0,
91,8,Human,Human,1,7.0,
92,8,Human,Human,1,7.0,
93,8,Human,AI,0,5.0,
94,8,Human,Human,1,2.0,
95,8,Human,AI,0,7.0,
96,8,Human,Human,1,4.0,
97,8,Human,AI,0,5.0,
98,8,Human,Human,1,9.0,
99,8,Human,Human,1,8.0,
100,8,Human,Human,1,6.0,
101,8,Human,AI,0,5.0,
102,8,Human,Human,1,5.0,
103,8,Human,AI,0,4.0,
104,8,Human,AI,0,8.0,
105,8,Human,Human,1,6.0,
106,8,Human,Human,1,4.0,
107,8,Human,Human,1,7.0,
108,8,Human,AI,0,5.0,
109,8,Human,AI,0,5.0,
110,8,Human,Human,1,8.0,
111,8,Human,Human,1,6.0,
112,8,Human,Human,1,7.0,
113,8,Human,Human,1,5.0,
114,8,Human,Human,1,9.0,
115,8,Human,Human,1,7.0,
116,8,Human,Human,1,5.0,
0,9,AI,AI,1,7.0,0.75
1,9,AI,AI,1,3.0,0.75
2,9,AI,Human,0,7.0,0.75
3,9,AI,Human,0,6.0,0.75
4,9,AI,Human,0,6.0,0.75
5,9,AI,Human,0,8.0,0.75
6,9,AI,AI,1,4.0,0.75
7,9,AI,AI,1,4.0,0.75
8,9,AI,Human,0,8.0,0.75
9,9,AI,AI,1,8.0,0.75
10,9,AI,AI,1,3.0,0.75
11,9,AI,Human,0,6.0,0.75
12,9,AI,AI,1,5.0,0.75
13,9,AI,AI,1,2.0,0.75
14,9,AI,Human,0,9.0,0.75
15,9,AI,Human,0,5.0,0.75
16,9,AI,AI,1,,0.75
17,9,AI,Human,0,6.0,0.75
18,9,AI,AI,1,4.0,0.75
19,9,AI,Human,0,6.0,0.75
20,9,AI,AI,1,4.0,0.75
21,9,AI,AI,1,6.0,0.75
22,9,AI,Human,0,7.0,0.75
23,9,AI,AI,1,4.0,0.75
24,9,AI,Human,0,8.0,0.75
25,9,AI,AI,1,5.0,0.75
26,9,AI,Human,0,7.0,0.75
27,9,AI,Human,0,5.0,0.75
28,9,AI,AI,1,3.0,0.75
29,9,AI,Human,0,7.0,0.75
30,9,AI,Human,0,8.0,0.75
31,9,AI,AI,1,1.0,0.75
32,9,AI,AI,1,4.0,0.75
33,9,AI,AI,1,3.0,0.75
34,9,AI,Human,0,9.0,0.75
36,9,AI,Human,0,9.0,0.75
37,9,AI,Human,0,7.0,0.75
38,9,AI,AI,1,4.0,0.75
39,9,AI,AI,1,5.0,0.75
40,9,AI,AI,1,9.0,0.75
41,9,AI,AI,1,5.0,0.75
42,9,AI,AI,1,4.0,0.75
43,9,AI,AI,1,4.0,0.75
44,9,AI,Human,0,7.0,0.75
45,9,AI,Human,0,7.0,0.75
46,9,AI,AI,1,,0.75
47,9,AI,AI,1,4.0,0.75
48,9,AI,AI,1,5.0,0.75
49,9,AI,Human,0,5.0,0.75
50,9,AI,AI,1,9.0,0.75
51,9,AI,Human,0,3.0,0.75
52,9,AI,Human,0,8.0,0.75
53,9,AI,AI,1,3.0,0.75
54,9,AI,Human,0,6.0,0.75
55,9,AI,AI,1,5.0,0.75
56,9,AI,AI,1,8.0,0.75
57,9,AI,AI,1,7.0,0.75
58,9,AI,AI,1,4.0,0.75
59,9,AI,AI,1,7.0,0.75
60,9,AI,AI,1,7.0,0.75
61,9,AI,Human,0,8.0,0.75
62,9,AI,AI,1,3.0,0.75
63,9,AI,AI,1,4.0,0.75
64,9,AI,AI,1,1.0,0.75
65,9,AI,AI,1,4.0,0.75
66,9,AI,AI,1,3.0,0.75
68,9,AI,AI,1,5.0,0.75
69,9,AI,Human,0,4.0,0.75
70,9,AI,AI,1,4.0,0.75
71,9,AI,AI,1,6.0,0.75
72,9,AI,AI,1,6.0,0.75
73,9,AI,AI,1,6.0,0.75
74,9,AI,Human,0,7.0,0.75
75,9,AI,AI,1,6.0,0.75
76,9,AI,AI,1,9.0,0.75
77,9,AI,AI,1,2.0,0.75
78,9,AI,AI,1,5.0,0.75
79,9,AI,AI,1,2.0,0.75
80,9,AI,Human,0,5.0,0.75
81,9,AI,AI,1,3.0,0.75
82,9,AI,AI,1,3.0,0.75
83,9,AI,AI,1,5.0,0.75
84,9,AI,AI,1,9.0,0.75
85,9,AI,AI,1,3.0,0.75
87,9,AI,Human,0,8.0,0.75
88,9,AI,Human,0,6.0,0.75
89,9,AI,Human,0,4.0,0.75
90,9,AI,AI,1,5.0,0.75
91,9,AI,AI,1,8.0,0.75
92,9,AI,Human,0,5.0,0.75
93,9,AI,AI,1,3.0,0.75
94,9,AI,Human,0,5.0,0.75
95,9,AI,Human,0,9.0,0.75
96,9,AI,AI,1,3.0,0.75
97,9,AI,Human,0,6.0,0.75
98,9,AI,AI,1,6.0,0.75
99,9,AI,Human,0,9.0,0.75
100,9,AI,Human,0,5.0,0.75
101,9,AI,AI,1,4.0,0.75
102,9,AI,AI,1,3.0,0.75
103,9,AI,AI,1,4.0,0.75
104,9,AI,AI,1,6.0,0.75
105,9,AI,AI,1,7.0,0.75
106,9,AI,AI,1,5.0,0.75
107,9,AI,Human,0,3.0,0.75
108,9,AI,AI,1,8.0,0.75
109,9,AI,Human,0,5.0,0.75
110,9,AI,AI,1,8.0,0.75
111,9,AI,AI,1,3.0,0.75
112,9,AI,AI,1,7.0,0.75
113,9,AI,Human,0,6.0,0.75
114,9,AI,AI,1,7.0,0.75
115,9,AI,AI,1,5.0,0.75
116,9,AI,AI,1,2.0,0.75
0,10,AI,Human,0,8.0,1.0
1,10,AI,AI,1,3.0,1.0
2,10,AI,AI,1,5.0,1.0
3,10,AI,AI,1,3.0,1.0
4,10,AI,AI,1,6.0,1.0
5,10,AI,Human,0,6.0,1.0
6,10,AI,AI,1,4.0,1.0
7,10,AI,AI,1,5.0,1.0
8,10,AI,AI,1,2.0,1.0
9,10,AI,AI,1,5.0,1.0
10,10,AI,AI,1,3.0,1.0
11,10,AI,AI,1,6.0,1.0
12,10,AI,Human,0,8.0,1.0
13,10,AI,AI,1,3.0,1.0
14,10,AI,AI,1,7.0,1.0
15,10,AI,Human,0,5.0,1.0
16,10,AI,AI,1,,1.0
17,10,AI,AI,1,5.0,1.0
18,10,AI,Human,0,9.0,1.0
19,10,AI,AI,1,7.0,1.0
20,10,AI,Human,0,6.0,1.0
21,10,AI,AI,1,6.0,1.0
22,10,AI,AI,1,8.0,1.0
23,10,AI,AI,1,3.0,1.0
24,10,AI,AI,1,9.0,1.0
25,10,AI,AI,1,8.0,1.0
26,10,AI,AI,1,3.0,1.0
27,10,AI,AI,1,5.0,1.0
28,10,AI,AI,1,10.0,1.0
29,10,AI,Human,0,5.0,1.0
30,10,AI,Human,0,9.0,1.0
31,10,AI,AI,1,1.0,1.0
32,10,AI,Human,0,7.0,1.0
33,10,AI,AI,1,5.0,1.0
34,10,AI,Human,0,9.0,1.0
35,10,AI,AI,1,8.0,1.0
36,10,AI,AI,1,5.0,1.0
37,10,AI,AI,1,6.0,1.0
38,10,AI,Human,0,7.0,1.0
39,10,AI,AI,1,3.0,1.0
40,10,AI,AI,1,6.0,1.0
41,10,AI,AI,1,5.0,1.0
42,10,AI,AI,1,4.0,1.0
43,10,AI,Human,0,4.0,1.0
44,10,AI,Human,0,6.0,1.0
45,10,AI,AI,1,5.0,1.0
46,10,AI,AI,1,,1.0
47,10,AI,AI,1,5.0,1.0
48,10,AI,AI,1,6.0,1.0
49,10,AI,AI,1,5.0,1.0
50,10,AI,Human,0,6.0,1.0
51,10,AI,Human,0,3.0,1.0
52,10,AI,AI,1,4.0,1.0
53,10,AI,AI,1,3.0,1.0
54,10,AI,Human,0,7.0,1.0
55,10,AI,Human,0,7.0,1.0
56,10,AI,Human,0,9.0,1.0
57,10,AI,Human,0,7.0,1.0
58,10,AI,Human,0,5.0,1.0
59,10,AI,Human,0,5.0,1.0
60,10,AI,Human,0,6.0,1.0
61,10,AI,Human,0,9.0,1.0
62,10,AI,Human,0,8.0,1.0
63,10,AI,AI,1,9.0,1.0
64,10,AI,Human,0,3.0,1.0
65,10,AI,AI,1,4.0,1.0
66,10,AI,AI,1,2.0,1.0
68,10,AI,Human,0,7.0,1.0
69,10,AI,Human,0,,1.0
70,10,AI,AI,1,3.0,1.0
71,10,AI,AI,1,6.0,1.0
72,10,AI,AI,1,5.0,1.0
73,10,AI,AI,1,6.0,1.0
74,10,AI,AI,1,5.0,1.0
75,10,AI,Human,0,7.0,1.0
76,10,AI,AI,1,8.0,1.0
77,10,AI,AI,1,3.0,1.0
78,10,AI,AI,1,6.0,1.0
79,10,AI,AI,1,3.0,1.0
80,10,AI,Human,0,4.0,1.0
81,10,AI,AI,1,3.0,1.0
82,10,AI,AI,1,4.0,1.0
83,10,AI,AI,1,4.0,1.0
84,10,AI,AI,1,5.0,1.0
85,10,AI,AI,1,6.0,1.0
87,10,AI,Human,0,7.0,1.0
88,10,AI,Human,0,8.0,1.0
89,10,AI,Human,0,3.0,1.0
90,10,AI,AI,1,4.0,1.0
91,10,AI,Human,0,4.0,1.0
92,10,AI,AI,1,5.0,1.0
93,10,AI,AI,1,4.0,1.0
94,10,AI,Human,0,8.0,1.0
95,10,AI,Human,0,9.0,1.0
96,10,AI,AI,1,6.0,1.0
97,10,AI,AI,1,5.0,1.0
98,10,AI,AI,1,6.0,1.0
99,10,AI,Human,0,7.0,1.0
100,10,AI,Human,0,7.0,1.0
101,10,AI,AI,1,5.0,1.0
102,10,AI,AI,1,4.0,1.0
103,10,AI,AI,1,3.0,1.0
104,10,AI,Human,0,5.0,1.0
105,10,AI,AI,1,8.0,1.0
106,10,AI,Human,0,7.0,1.0
107,10,AI,Human,0,3.0,1.0
108,10,AI,AI,1,6.0,1.0
109,10,AI,Human,0,5.0,1.0
110,10,AI,Human,0,6.0,1.0
111,10,AI,Human,0,5.0,1.0
112,10,AI,Human,0,4.0,1.0
113,10,AI,AI,1,6.0,1.0
114,10,AI,Human,0,10.0,1.0
115,10,AI,AI,1,5.0,1.0
116,10,AI,Human,0,7.0,1.0
0,11,Human,Human,1,3.0,
1,11,Human,Human,1,7.0,
2,11,Human,AI,0,4.0,
3,11,Human,Human,1,6.0,
4,11,Human,AI,0,6.0,
5,11,Human,Human,1,6.0,
6,11,Human,Human,1,8.0,
7,11,Human,Human,1,5.0,
8,11,Human,AI,0,2.0,
10,11,Human,Human,1,7.0,
11,11,Human,Human,1,4.0,
12,11,Human,Human,1,8.0,
13,11,Human,Human,1,6.0,
14,11,Human,AI,0,8.0,
16,11,Human,Human,1,,
17,11,Human,Human,1,4.0,
18,11,Human,AI,0,5.0,
19,11,Human,Human,1,7.0,
20,11,Human,Human,1,8.0,
21,11,Human,Human,1,3.0,
22,11,Human,AI,0,7.0,
23,11,Human,Human,1,5.0,
24,11,Human,AI,0,8.0,
25,11,Human,Human,1,5.0,
26,11,Human,Human,1,7.0,
27,11,Human,Human,1,7.0,
28,11,Human,Human,1,10.0,
29,11,Human,Human,1,4.0,
30,11,Human,Human,1,8.0,
31,11,Human,Human,1,2.0,
32,11,Human,AI,0,5.0,
33,11,Human,Human,1,5.0,
34,11,Human,Human,1,8.0,
35,11,Human,AI,0,6.0,
36,11,Human,Human,1,4.0,
37,11,Human,AI,0,4.0,
38,11,Human,Human,1,4.0,
39,11,Human,AI,0,3.0,
40,11,Human,Human,1,10.0,
41,11,Human,Human,1,6.0,
42,11,Human,AI,0,4.0,
43,11,Human,Human,1,5.0,
44,11,Human,AI,0,4.0,
45,11,Human,Human,1,7.0,
46,11,Human,AI,0,,
47,11,Human,Human,1,6.0,
48,11,Human,Human,1,3.0,
49,11,Human,Human,1,6.0,
50,11,Human,Human,1,8.0,
51,11,Human,Human,1,1.0,
52,11,Human,Human,1,8.0,
53,11,Human,Human,1,7.0,
54,11,Human,Human,1,7.0,
55,11,Human,Human,1,5.0,
56,11,Human,Human,1,9.0,
57,11,Human,Human,1,7.0,
58,11,Human,Human,1,6.0,
59,11,Human,Human,1,4.0,
60,11,Human,AI,0,3.0,
61,11,Human,Human,1,6.0,
62,11,Human,Human,1,9.0,
63,11,Human,Human,1,4.0,
64,11,Human,Human,1,2.0,
65,11,Human,Human,1,7.0,
66,11,Human,Human,1,7.0,
67,11,Human,AI,0,5.0,
68,11,Human,Human,1,10.0,
69,11,Human,Human,1,7.0,
70,11,Human,AI,0,4.0,
71,11,Human,Human,1,7.0,
72,11,Human,Human,1,8.0,
73,11,Human,Human,1,8.0,
74,11,Human,Human,1,4.0,
75,11,Human,Human,1,4.0,
76,11,Human,AI,0,6.0,
77,11,Human,Human,1,4.0,
78,11,Human,Human,1,6.0,
79,11,Human,Human,1,2.0,
80,11,Human,Human,1,3.0,
81,11,Human,Human,1,5.0,
82,11,Human,Human,1,5.0,
83,11,Human,AI,0,3.0,
84,11,Human,Human,1,4.0,
85,11,Human,Human,1,3.0,
87,11,Human,Human,1,7.0,
88,11,Human,AI,0,6.0,
89,11,Human,Human,1,2.0,
90,11,Human,AI,0,5.0,
91,11,Human,AI,0,1.0,
92,11,Human,AI,0,5.0,
93,11,Human,Human,1,4.0,
94,11,Human,AI,0,1.0,
95,11,Human,AI,0,2.0,
96,11,Human,Human,1,7.0,
97,11,Human,Human,1,2.0,
98,11,Human,Human,1,6.0,
99,11,Human,AI,0,3.0,
101,11,Human,AI,0,3.0,
102,11,Human,Human,1,4.0,
103,11,Human,AI,0,3.0,
104,11,Human,AI,0,3.0,
105,11,Human,Human,1,10.0,
106,11,Human,Human,1,3.0,
108,11,Human,Human,1,4.0,
109,11,Human,Human,1,2.0,
110,11,Human,Human,1,9.0,
111,11,Human,Human,1,5.0,
112,11,Human,Human,1,8.0,
113,11,Human,AI,0,3.0,
114,11,Human,AI,0,6.0,
115,11,Human,AI,0,3.0,
116,11,Human,AI,0,2.0,
0,12,Human,AI,0,4.0,
1,12,Human,AI,0,3.0,
2,12,Human,Human,1,5.0,
3,12,Human,AI,0,4.0,
4,12,Human,Human,1,6.0,
5,12,Human,Human,1,5.0,
6,12,Human,AI,0,3.0,
7,12,Human,Human,1,6.0,
8,12,Human,Human,1,9.0,
10,12,Human,AI,0,4.0,
11,12,Human,Human,1,4.0,
12,12,Human,Human,1,7.0,
13,12,Human,Human,1,6.0,
14,12,Human,Human,1,6.0,
16,12,Human,AI,0,,
17,12,Human,AI,0,4.0,
18,12,Human,Human,1,7.0,
19,12,Human,AI,0,5.0,
20,12,Human,AI,0,5.0,
21,12,Human,Human,1,6.0,
22,12,Human,Human,1,9.0,
23,12,Human,Human,1,3.0,
24,12,Human,Human,1,7.0,
25,12,Human,AI,0,5.0,
26,12,Human,AI,0,4.0,
27,12,Human,AI,0,4.0,
28,12,Human,AI,0,5.0,
29,12,Human,AI,0,5.0,
30,12,Human,Human,1,7.0,
31,12,Human,AI,0,1.0,
32,12,Human,AI,0,5.0,
33,12,Human,AI,0,2.0,
34,12,Human,AI,0,9.0,
35,12,Human,AI,0,8.0,
36,12,Human,Human,1,5.0,
37,12,Human,AI,0,6.0,
38,12,Human,AI,0,4.0,
39,12,Human,AI,0,5.0,
40,12,Human,Human,1,8.0,
41,12,Human,Human,1,4.0,
42,12,Human,AI,0,4.0,
43,12,Human,AI,0,6.0,
44,12,Human,Human,1,6.0,
45,12,Human,AI,0,3.0,
46,12,Human,AI,0,,
47,12,Human,AI,0,5.0,
48,12,Human,Human,1,3.0,
49,12,Human,Human,1,6.0,
50,12,Human,Human,1,4.0,
51,12,Human,Human,1,3.0,
52,12,Human,AI,0,7.0,
53,12,Human,Human,1,7.0,
54,12,Human,AI,0,1.0,
55,12,Human,AI,0,7.0,
56,12,Human,AI,0,5.0,
57,12,Human,Human,1,7.0,
58,12,Human,Human,1,3.0,
59,12,Human,AI,0,4.0,
60,12,Human,AI,0,4.0,
61,12,Human,Human,1,7.0,
62,12,Human,AI,0,2.0,
63,12,Human,Human,1,4.0,
64,12,Human,Human,1,3.0,
65,12,Human,Human,1,7.0,
66,12,Human,Human,1,7.0,
67,12,Human,Human,1,4.0,
68,12,Human,Human,1,4.0,
69,12,Human,AI,0,2.0,
70,12,Human,Human,1,5.0,
71,12,Human,Human,1,5.0,
72,12,Human,AI,0,5.0,
73,12,Human,AI,0,5.0,
74,12,Human,Human,1,7.0,
75,12,Human,Human,1,6.0,
76,12,Human,Human,1,8.0,
77,12,Human,AI,0,7.0,
78,12,Human,AI,0,6.0,
79,12,Human,AI,0,3.0,
80,12,Human,AI,0,2.0,
81,12,Human,Human,1,7.0,
82,12,Human,AI,0,4.0,
83,12,Human,Human,1,5.0,
84,12,Human,Human,1,4.0,
85,12,Human,Human,1,6.0,
87,12,Human,AI,0,6.0,
88,12,Human,AI,0,5.0,
89,12,Human,Human,1,7.0,
90,12,Human,Human,1,7.0,
91,12,Human,Human,1,6.0,
92,12,Human,AI,0,5.0,
93,12,Human,Human,1,6.0,
94,12,Human,AI,0,1.0,
95,12,Human,Human,1,9.0,
96,12,Human,AI,0,7.0,
97,12,Human,AI,0,3.0,
98,12,Human,Human,1,8.0,
99,12,Human,AI,0,6.0,
101,12,Human,AI,0,3.0,
102,12,Human,AI,0,2.0,
103,12,Human,Human,1,5.0,
104,12,Human,Human,1,10.0,
105,12,Human,AI,0,7.0,
106,12,Human,Human,1,6.0,
108,12,Human,Human,1,6.0,
109,12,Human,Human,1,4.0,
110,12,Human,Human,1,9.0,
111,12,Human,AI,0,5.0,
112,12,Human,Human,1,6.0,
113,12,Human,Human,1,5.0,
114,12,Human,AI,0,5.0,
115,12,Human,AI,0,5.0,
116,12,Human,AI,0,,
0,13,Human,Human,1,5.0,
1,13,Human,Human,1,5.0,
2,13,Human,Human,1,4.0,
3,13,Human,Human,1,5.0,
4,13,Human,Human,1,6.0,
5,13,Human,Human,1,6.0,
6,13,Human,Human,1,9.0,
7,13,Human,Human,1,10.0,
8,13,Human,Human,1,6.0,
10,13,Human,Human,1,8.0,
11,13,Human,Human,1,7.0,
12,13,Human,Human,1,9.0,
13,13,Human,Human,1,8.0,
14,13,Human,AI,0,6.0,
16,13,Human,AI,0,,
17,13,Human,Human,1,6.0,
18,13,Human,Human,1,9.0,
19,13,Human,Human,1,10.0,
20,13,Human,Human,1,6.0,
21,13,Human,Human,1,7.0,
22,13,Human,AI,0,5.0,
23,13,Human,Human,1,2.0,
24,13,Human,Human,1,3.0,
25,13,Human,Human,1,9.0,
26,13,Human,Human,1,5.0,
27,13,Human,AI,0,4.0,
28,13,Human,Human,1,5.0,
29,13,Human,Human,1,7.0,
30,13,Human,AI,0,6.0,
31,13,Human,Human,1,10.0,
32,13,Human,AI,0,4.0,
33,13,Human,AI,0,1.0,
34,13,Human,AI,0,9.0,
35,13,Human,Human,1,8.0,
36,13,Human,Human,1,4.0,
37,13,Human,Human,1,8.0,
38,13,Human,Human,1,8.0,
39,13,Human,AI,0,6.0,
40,13,Human,Human,1,10.0,
41,13,Human,Human,1,6.0,
42,13,Human,Human,1,5.0,
43,13,Human,Human,1,8.0,
44,13,Human,AI,0,4.0,
45,13,Human,AI,0,4.0,
46,13,Human,Human,1,,
47,13,Human,Human,1,4.0,
48,13,Human,Human,1,3.0,
49,13,Human,Human,1,6.0,
50,13,Human,Human,1,8.0,
51,13,Human,AI,0,3.0,
52,13,Human,Human,1,9.0,
53,13,Human,AI,0,3.0,
54,13,Human,AI,0,1.0,
55,13,Human,Human,1,7.0,
56,13,Human,Human,1,9.0,
57,13,Human,Human,1,7.0,
58,13,Human,AI,0,3.0,
59,13,Human,Human,1,7.0,
60,13,Human,Human,1,8.0,
61,13,Human,Human,1,7.0,
62,13,Human,Human,1,9.0,
63,13,Human,Human,1,5.0,
64,13,Human,Human,1,3.0,
65,13,Human,Human,1,6.0,
66,13,Human,Human,1,3.0,
67,13,Human,AI,0,3.0,
68,13,Human,Human,1,10.0,
69,13,Human,AI,0,1.0,
70,13,Human,Human,1,6.0,
71,13,Human,Human,1,7.0,
72,13,Human,Human,1,7.0,
73,13,Human,AI,0,9.0,
74,13,Human,Human,1,6.0,
75,13,Human,Human,1,5.0,
76,13,Human,Human,1,9.0,
77,13,Human,Human,1,10.0,
78,13,Human,AI,0,7.0,
79,13,Human,Human,1,7.0,
80,13,Human,Human,1,3.0,
81,13,Human,Human,1,10.0,
82,13,Human,Human,1,8.0,
83,13,Human,Human,1,7.0,
84,13,Human,Human,1,9.0,
85,13,Human,Human,1,10.0,
87,13,Human,Human,1,8.0,
88,13,Human,Human,1,5.0,
89,13,Human,Human,1,4.0,
90,13,Human,Human,1,8.0,
91,13,Human,Human,1,7.0,
92,13,Human,Human,1,6.0,
93,13,Human,Human,1,5.0,
94,13,Human,AI,0,1.0,
95,13,Human,Human,1,7.0,
96,13,Human,Human,1,6.0,
97,13,Human,Human,1,8.0,
98,13,Human,Human,1,8.0,
99,13,Human,AI,0,4.0,
101,13,Human,Human,1,6.0,
102,13,Human,Human,1,4.0,
103,13,Human,Human,1,7.0,
104,13,Human,AI,0,6.0,
105,13,Human,Human,1,5.0,
106,13,Human,Human,1,4.0,
108,13,Human,AI,0,4.0,
109,13,Human,Human,1,4.0,
110,13,Human,AI,0,10.0,
111,13,Human,AI,0,4.0,
112,13,Human,AI,0,5.0,
113,13,Human,AI,0,3.0,
114,13,Human,Human,1,7.0,
115,13,Human,Human,1,3.0,
116,13,Human,Human,1,10.0,
0,14,AI,Human,0,8.0,1.25
1,14,AI,Human,0,6.0,1.25
2,14,AI,AI,1,7.0,1.25
3,14,AI,AI,1,6.0,1.25
4,14,AI,Human,0,6.0,1.25
5,14,AI,Human,0,6.0,1.25
6,14,AI,AI,1,8.0,1.25
7,14,AI,AI,1,4.0,1.25
8,14,AI,Human,0,9.0,1.25
10,14,AI,Human,0,7.0,1.25
11,14,AI,AI,1,3.0,1.25
12,14,AI,Human,0,7.0,1.25
13,14,AI,Human,0,6.0,1.25
14,14,AI,Human,0,7.0,1.25
16,14,AI,Human,0,,1.25
17,14,AI,Human,0,6.0,1.25
18,14,AI,Human,0,7.0,1.25
19,14,AI,AI,1,7.0,1.25
20,14,AI,AI,1,3.0,1.25
21,14,AI,AI,1,5.0,1.25
22,14,AI,Human,0,9.0,1.25
23,14,AI,AI,1,3.0,1.25
24,14,AI,Human,0,8.0,1.25
25,14,AI,Human,0,8.0,1.25
26,14,AI,Human,0,9.0,1.25
27,14,AI,Human,0,5.0,1.25
28,14,AI,Human,0,8.0,1.25
29,14,AI,Human,0,7.0,1.25
30,14,AI,Human,0,8.0,1.25
31,14,AI,AI,1,1.0,1.25
32,14,AI,Human,0,6.0,1.25
33,14,AI,AI,1,3.0,1.25
34,14,AI,Human,0,8.0,1.25
35,14,AI,Human,0,4.0,1.25
36,14,AI,Human,0,6.0,1.25
37,14,AI,Human,0,7.0,1.25
38,14,AI,Human,0,5.0,1.25
39,14,AI,AI,1,5.0,1.25
40,14,AI,AI,1,10.0,1.25
41,14,AI,AI,1,4.0,1.25
42,14,AI,AI,1,5.0,1.25
43,14,AI,Human,0,6.0,1.25
44,14,AI,Human,0,7.0,1.25
45,14,AI,Human,0,8.0,1.25
46,14,AI,Human,0,,1.25
47,14,AI,Human,0,7.0,1.25
48,14,AI,AI,1,6.0,1.25
49,14,AI,AI,1,5.0,1.25
50,14,AI,AI,1,6.0,1.25
51,14,AI,AI,1,4.0,1.25
52,14,AI,AI,1,3.0,1.25
53,14,AI,Human,0,4.0,1.25
54,14,AI,Human,0,6.0,1.25
55,14,AI,Human,0,5.0,1.25
56,14,AI,AI,1,7.0,1.25
57,14,AI,Human,0,7.0,1.25
58,14,AI,Human,0,5.0,1.25
59,14,AI,AI,1,8.0,1.25
60,14,AI,Human,0,8.0,1.25
61,14,AI,Human,0,8.0,1.25
62,14,AI,AI,1,4.0,1.25
63,14,AI,AI,1,6.0,1.25
64,14,AI,AI,1,2.0,1.25
65,14,AI,AI,1,8.0,1.25
66,14,AI,AI,1,2.0,1.25
68,14,AI,Human,0,8.0,1.25
69,14,AI,Human,0,5.0,1.25
70,14,AI,Human,0,5.0,1.25
71,14,AI,AI,1,5.0,1.25
72,14,AI,AI,1,5.0,1.25
73,14,AI,AI,1,6.0,1.25
74,14,AI,Human,0,4.0,1.25
75,14,AI,Human,0,6.0,1.25
76,14,AI,Human,0,6.0,1.25
77,14,AI,AI,1,2.0,1.25
78,14,AI,Human,0,7.0,1.25
79,14,AI,AI,1,3.0,1.25
80,14,AI,Human,0,3.0,1.25
81,14,AI,Human,0,6.0,1.25
82,14,AI,AI,1,3.0,1.25
83,14,AI,Human,0,6.0,1.25
84,14,AI,Human,0,7.0,1.25
85,14,AI,Human,0,6.0,1.25
87,14,AI,AI,1,6.0,1.25
88,14,AI,AI,1,8.0,1.25
89,14,AI,Human,0,10.0,1.25
90,14,AI,AI,1,6.0,1.25
91,14,AI,AI,1,5.0,1.25
92,14,AI,Human,0,6.0,1.25
93,14,AI,AI,1,4.0,1.25
94,14,AI,Human,0,8.0,1.25
95,14,AI,Human,0,8.0,1.25
96,14,AI,Human,0,6.0,1.25
97,14,AI,Human,0,4.0,1.25
98,14,AI,AI,1,6.0,1.25
99,14,AI,Human,0,6.0,1.25
101,14,AI,Human,0,6.0,1.25
102,14,AI,Human,0,5.0,1.25
103,14,AI,Human,0,5.0,1.25
104,14,AI,Human,0,9.0,1.25
105,14,AI,Human,0,8.0,1.25
106,14,AI,AI,1,5.0,1.25
108,14,AI,AI,1,4.0,1.25
109,14,AI,AI,1,3.0,1.25
110,14,AI,Human,0,7.0,1.25
111,14,AI,Human,0,6.0,1.25
112,14,AI,AI,1,4.0,1.25
113,14,AI,Human,0,5.0,1.25
114,14,AI,AI,1,7.0,1.25
115,14,AI,AI,1,8.0,1.25
116,14,AI,AI,1,3.0,1.25
0,15,AI,Human,0,10.0,0.0
1,15,AI,AI,1,5.0,0.0
2,15,AI,AI,1,,0.0
3,15,AI,Human,0,4.0,0.0
4,15,AI,Human,0,6.0,0.0
5,15,AI,Human,0,6.0,0.0
6,15,AI,AI,1,3.0,0.0
7,15,AI,AI,1,3.0,0.0
8,15,AI,Human,0,8.0,0.0
10,15,AI,AI,1,5.0,0.0
11,15,AI,AI,1,3.0,0.0
12,15,AI,Human,0,10.0,0.0
13,15,AI,AI,1,3.0,0.0
14,15,AI,AI,1,6.0,0.0
15,15,AI,Human,0,5.0,0.0
16,15,AI,AI,1,,0.0
17,15,AI,Human,0,7.0,0.0
18,15,AI,AI,1,5.0,0.0
19,15,AI,AI,1,4.0,0.0
20,15,AI,AI,1,5.0,0.0
21,15,AI,Human,0,3.0,0.0
22,15,AI,AI,1,9.0,0.0
23,15,AI,Human,0,2.0,0.0
24,15,AI,AI,1,4.0,0.0
25,15,AI,AI,1,6.0,0.0
26,15,AI,AI,1,5.0,0.0
27,15,AI,AI,1,5.0,0.0
28,15,AI,Human,0,8.0,0.0
29,15,AI,AI,1,6.0,0.0
30,15,AI,Human,0,9.0,0.0
31,15,AI,AI,1,1.0,0.0
32,15,AI,Human,0,8.0,0.0
33,15,AI,AI,1,3.0,0.0
34,15,AI,Human,0,9.0,0.0
35,15,AI,AI,1,6.0,0.0
36,15,AI,AI,1,7.0,0.0
37,15,AI,AI,1,4.0,0.0
38,15,AI,AI,1,2.0,0.0
39,15,AI,AI,1,4.0,0.0
40,15,AI,Human,0,10.0,0.0
41,15,AI,Human,0,4.0,0.0
42,15,AI,Human,0,5.0,0.0
43,15,AI,Human,0,7.0,0.0
44,15,AI,Human,0,6.0,0.0
45,15,AI,Human,0,7.0,0.0
46,15,AI,AI,1,,0.0
47,15,AI,AI,1,6.0,0.0
48,15,AI,AI,1,6.0,0.0
49,15,AI,Human,0,5.0,0.0
50,15,AI,Human,0,5.0,0.0
51,15,AI,AI,1,3.0,0.0
52,15,AI,AI,1,3.0,0.0
53,15,AI,AI,1,3.0,0.0
54,15,AI,AI,1,5.0,0.0
55,15,AI,Human,0,7.0,0.0
56,15,AI,AI,1,5.0,0.0
57,15,AI,AI,1,7.0,0.0
58,15,AI,AI,1,5.0,0.0
59,15,AI,Human,0,8.0,0.0
60,15,AI,Human,0,7.0,0.0
61,15,AI,Human,0,9.0,0.0
62,15,AI,AI,1,4.0,0.0
63,15,AI,AI,1,5.0,0.0
64,15,AI,Human,0,3.0,0.0
65,15,AI,AI,1,4.0,0.0
66,15,AI,AI,1,4.0,0.0
67,15,AI,AI,1,9.0,0.0
68,15,AI,AI,1,4.0,0.0
69,15,AI,Human,0,7.0,0.0
70,15,AI,AI,1,5.0,0.0
71,15,AI,AI,1,5.0,0.0
72,15,AI,AI,1,5.0,0.0
73,15,AI,AI,1,5.0,0.0
74,15,AI,AI,1,7.0,0.0
75,15,AI,Human,0,5.0,0.0
76,15,AI,AI,1,6.0,0.0
77,15,AI,Human,0,3.0,0.0
78,15,AI,Human,0,7.0,0.0
79,15,AI,AI,1,3.0,0.0
80,15,AI,AI,1,2.0,0.0
81,15,AI,AI,1,4.0,0.0
82,15,AI,AI,1,3.0,0.0
83,15,AI,AI,1,3.0,0.0
84,15,AI,Human,0,6.0,0.0
85,15,AI,Human,0,2.0,0.0
87,15,AI,AI,1,6.0,0.0
88,15,AI,AI,1,8.0,0.0
89,15,AI,AI,1,5.0,0.0
90,15,AI,AI,1,4.0,0.0
91,15,AI,AI,1,7.0,0.0
92,15,AI,Human,0,6.0,0.0
93,15,AI,Human,0,5.0,0.0
94,15,AI,Human,0,6.0,0.0
95,15,AI,Human,0,8.0,0.0
96,15,AI,Human,0,8.0,0.0
97,15,AI,AI,1,3.0,0.0
98,15,AI,Human,0,8.0,0.0
99,15,AI,Human,0,6.0,0.0
101,15,AI,AI,1,5.0,0.0
103,15,AI,AI,1,5.0,0.0
104,15,AI,Human,0,3.0,0.0
105,15,AI,Human,0,8.0,0.0
106,15,AI,Human,0,5.0,0.0
108,15,AI,Human,0,7.0,0.0
109,15,AI,AI,1,4.0,0.0
110,15,AI,Human,0,8.0,0.0
111,15,AI,Human,0,6.0,0.0
112,15,AI,AI,1,5.0,0.0
113,15,AI,Human,0,5.0,0.0
114,15,AI,AI,1,6.0,0.0
115,15,AI,AI,1,6.0,0.0
116,15,AI,AI,1,2.0,0.0
0,16,Human,Human,1,6.0,
1,16,Human,AI,0,2.0,
2,16,Human,AI,0,,
3,16,Human,AI,0,5.0,
4,16,Human,AI,0,6.0,
5,16,Human,AI,0,5.0,
6,16,Human,Human,1,4.0,
7,16,Human,AI,0,5.0,
8,16,Human,Human,1,10.0,
10,16,Human,Human,1,3.0,
11,16,Human,Human,1,2.0,
12,16,Human,Human,1,7.0,
13,16,Human,Human,1,1.0,
14,16,Human,Human,1,7.0,
15,16,Human,AI,0,5.0,
16,16,Human,Human,1,,
17,16,Human,Human,1,5.0,
18,16,Human,AI,0,5.0,
19,16,Human,Human,1,5.0,
20,16,Human,Human,1,4.0,
21,16,Human,Human,1,6.0,
22,16,Human,Human,1,5.0,
23,16,Human,Human,1,3.0,
24,16,Human,Human,1,7.0,
25,16,Human,Human,1,6.0,
26,16,Human,Human,1,9.0,
27,16,Human,Human,1,5.0,
28,16,Human,Human,1,5.0,
29,16,Human,AI,0,4.0,
30,16,Human,Human,1,4.0,
31,16,Human,Human,1,1.0,
32,16,Human,AI,0,5.0,
33,16,Human,Human,1,3.0,
34,16,Human,AI,0,9.0,
35,16,Human,AI,0,4.0,
36,16,Human,Human,1,5.0,
37,16,Human,Human,1,4.0,
38,16,Human,Human,1,5.0,
39,16,Human,Human,1,4.0,
40,16,Human,AI,0,9.0,
41,16,Human,Human,1,4.0,
42,16,Human,AI,0,5.0,
43,16,Human,Human,1,8.0,
44,16,Human,AI,0,4.0,
45,16,Human,AI,0,7.0,
46,16,Human,AI,0,,
47,16,Human,Human,1,6.0,
48,16,Human,Human,1,6.0,
49,16,Human,AI,0,5.0,
50,16,Human,Human,1,6.0,
51,16,Human,AI,0,3.0,
52,16,Human,Human,1,5.0,
53,16,Human,Human,1,3.0,
54,16,Human,Human,1,7.0,
55,16,Human,AI,0,7.0,
56,16,Human,Human,1,9.0,
57,16,Human,Human,1,7.0,
58,16,Human,Human,1,,
59,16,Human,Human,1,3.0,
60,16,Human,AI,0,3.0,
61,16,Human,Human,1,8.0,
62,16,Human,Human,1,5.0,
63,16,Human,Human,1,5.0,
64,16,Human,Human,1,1.0,
65,16,Human,Human,1,3.0,
66,16,Human,Human,1,7.0,
68,16,Human,AI,0,5.0,
69,16,Human,Human,1,6.0,
70,16,Human,Human,1,5.0,
71,16,Human,Human,1,6.0,
72,16,Human,Human,1,6.0,
73,16,Human,Human,1,10.0,
74,16,Human,Human,1,6.0,
75,16,Human,Human,1,3.0,
76,16,Human,Human,1,2.0,
77,16,Human,Human,1,3.0,
78,16,Human,Human,1,6.0,
79,16,Human,Human,1,4.0,
80,16,Human,AI,0,1.0,
81,16,Human,Human,1,6.0,
82,16,Human,Human,1,5.0,
83,16,Human,Human,1,4.0,
84,16,Human,Human,1,6.0,
85,16,Human,Human,1,3.0,
87,16,Human,AI,0,5.0,
88,16,Human,AI,0,6.0,
89,16,Human,Human,1,8.0,
90,16,Human,Human,1,3.0,
91,16,Human,Human,1,4.0,
92,16,Human,Human,1,5.0,
93,16,Human,Human,1,5.0,
94,16,Human,Human,1,3.0,
95,16,Human,AI,0,5.0,
96,16,Human,Human,1,7.0,
97,16,Human,AI,0,2.0,
98,16,Human,Human,1,7.0,
99,16,Human,Human,1,5.0,
101,16,Human,Human,1,3.0,
102,16,Human,Human,1,10.0,
103,16,Human,Human,1,6.0,
104,16,Human,AI,0,6.0,
105,16,Human,Human,1,5.0,
106,16,Human,Human,1,1.0,
108,16,Human,AI,0,6.0,
109,16,Human,AI,0,4.0,
110,16,Human,Human,1,7.0,
111,16,Human,Human,1,6.0,
112,16,Human,Human,1,7.0,
113,16,Human,AI,0,2.0,
114,16,Human,AI,0,7.0,
115,16,Human,Human,1,4.0,
116,16,Human,AI,0,3.0,
0,17,AI,AI,1,1.0,1.75
1,17,AI,AI,1,1.0,1.75
2,17,AI,AI,1,3.0,1.75
3,17,AI,AI,1,6.0,1.75
4,17,AI,AI,1,6.0,1.75
5,17,AI,AI,1,1.0,1.75
6,17,AI,AI,1,1.0,1.75
7,17,AI,AI,1,1.0,1.75
8,17,AI,AI,1,1.0,1.75
10,17,AI,AI,1,1.0,1.75
11,17,AI,AI,1,1.0,1.75
12,17,AI,AI,1,1.0,1.75
13,17,AI,AI,1,1.0,1.75
14,17,AI,AI,1,1.0,1.75
15,17,AI,AI,1,1.0,1.75
16,17,AI,AI,1,,1.75
17,17,AI,Human,0,2.0,1.75
18,17,AI,AI,1,1.0,1.75
19,17,AI,AI,1,1.0,1.75
20,17,AI,AI,1,1.0,1.75
21,17,AI,Human,0,2.0,1.75
22,17,AI,AI,1,1.0,1.75
23,17,AI,AI,1,1.0,1.75
24,17,AI,AI,1,1.0,1.75
25,17,AI,AI,1,1.0,1.75
26,17,AI,AI,1,4.0,1.75
27,17,AI,AI,1,3.0,1.75
28,17,AI,AI,1,1.0,1.75
29,17,AI,AI,1,1.0,1.75
30,17,AI,AI,1,10.0,1.75
31,17,AI,AI,1,1.0,1.75
32,17,AI,AI,1,2.0,1.75
33,17,AI,AI,1,1.0,1.75
34,17,AI,AI,1,1.0,1.75
35,17,AI,AI,1,8.0,1.75
36,17,AI,AI,1,1.0,1.75
37,17,AI,AI,1,1.0,1.75
38,17,AI,AI,1,1.0,1.75
39,17,AI,AI,1,2.0,1.75
40,17,AI,AI,1,2.0,1.75
41,17,AI,AI,1,1.0,1.75
42,17,AI,AI,1,1.0,1.75
43,17,AI,AI,1,1.0,1.75
44,17,AI,Human,0,4.0,1.75
45,17,AI,AI,1,1.0,1.75
46,17,AI,Human,0,,1.75
47,17,AI,AI,1,1.0,1.75
48,17,AI,AI,1,1.0,1.75
49,17,AI,AI,1,1.0,1.75
50,17,AI,AI,1,1.0,1.75
51,17,AI,AI,1,1.0,1.75
52,17,AI,AI,1,1.0,1.75
53,17,AI,AI,1,1.0,1.75
54,17,AI,AI,1,1.0,1.75
55,17,AI,AI,1,1.0,1.75
56,17,AI,AI,1,1.0,1.75
57,17,AI,AI,1,6.0,1.75
58,17,AI,AI,1,4.0,1.75
59,17,AI,Human,0,1.0,1.75
60,17,AI,AI,1,1.0,1.75
61,17,AI,AI,1,1.0,1.75
62,17,AI,AI,1,1.0,1.75
63,17,AI,AI,1,1.0,1.75
64,17,AI,AI,1,1.0,1.75
65,17,AI,AI,1,2.0,1.75
66,17,AI,AI,1,1.0,1.75
68,17,AI,AI,1,1.0,1.75
69,17,AI,AI,1,1.0,1.75
70,17,AI,AI,1,1.0,1.75
71,17,AI,AI,1,5.0,1.75
72,17,AI,Human,0,2.0,1.75
73,17,AI,AI,1,1.0,1.75
74,17,AI,AI,1,5.0,1.75
75,17,AI,AI,1,1.0,1.75
76,17,AI,AI,1,1.0,1.75
77,17,AI,AI,1,1.0,1.75
78,17,AI,AI,1,1.0,1.75
79,17,AI,AI,1,1.0,1.75
80,17,AI,AI,1,1.0,1.75
81,17,AI,AI,1,1.0,1.75
82,17,AI,AI,1,1.0,1.75
83,17,AI,AI,1,1.0,1.75
84,17,AI,Human,0,1.0,1.75
85,17,AI,AI,1,1.0,1.75
87,17,AI,Human,0,1.0,1.75
88,17,AI,AI,1,1.0,1.75
89,17,AI,AI,1,1.0,1.75
90,17,AI,AI,1,1.0,1.75
91,17,AI,AI,1,1.0,1.75
92,17,AI,AI,1,1.0,1.75
93,17,AI,AI,1,1.0,1.75
94,17,AI,AI,1,1.0,1.75
95,17,AI,AI,1,1.0,1.75
96,17,AI,AI,1,1.0,1.75
97,17,AI,AI,1,1.0,1.75
98,17,AI,AI,1,10.0,1.75
99,17,AI,AI,1,1.0,1.75
101,17,AI,AI,1,1.0,1.75
102,17,AI,Human,0,10.0,1.75
103,17,AI,Human,0,5.0,1.75
104,17,AI,AI,1,9.0,1.75
105,17,AI,AI,1,3.0,1.75
106,17,AI,AI,1,1.0,1.75
108,17,AI,AI,1,5.0,1.75
109,17,AI,AI,1,4.0,1.75
110,17,AI,AI,1,9.0,1.75
111,17,AI,AI,1,1.0,1.75
112,17,AI,AI,1,1.0,1.75
113,17,AI,AI,1,1.0,1.75
114,17,AI,AI,1,1.0,1.75
115,17,AI,AI,1,1.0,1.75
116,17,AI,AI,1,1.0,1.75
0,18,AI,AI,1,1.0,2.0
1,18,AI,AI,1,1.0,2.0
2,18,AI,Human,0,4.0,2.0
3,18,AI,Human,0,5.0,2.0
4,18,AI,Human,0,6.0,2.0
5,18,AI,AI,1,2.0,2.0
6,18,AI,AI,1,1.0,2.0
7,18,AI,AI,1,1.0,2.0
8,18,AI,AI,1,1.0,2.0
10,18,AI,Human,0,1.0,2.0
11,18,AI,AI,1,1.0,2.0
12,18,AI,AI,1,1.0,2.0
13,18,AI,AI,1,1.0,2.0
14,18,AI,AI,1,1.0,2.0
15,18,AI,AI,1,1.0,2.0
16,18,AI,AI,1,,2.0
17,18,AI,AI,1,2.0,2.0
18,18,AI,AI,1,1.0,2.0
19,18,AI,AI,1,1.0,2.0
20,18,AI,AI,1,1.0,2.0
21,18,AI,AI,1,3.0,2.0
22,18,AI,AI,1,1.0,2.0
23,18,AI,AI,1,1.0,2.0
24,18,AI,AI,1,1.0,2.0
25,18,AI,AI,1,1.0,2.0
26,18,AI,AI,1,7.0,2.0
27,18,AI,AI,1,1.0,2.0
28,18,AI,AI,1,1.0,2.0
29,18,AI,AI,1,1.0,2.0
30,18,AI,Human,0,3.0,2.0
31,18,AI,AI,1,1.0,2.0
32,18,AI,AI,1,3.0,2.0
33,18,AI,AI,1,1.0,2.0
34,18,AI,AI,1,2.0,2.0
35,18,AI,Human,0,6.0,2.0
36,18,AI,AI,1,1.0,2.0
37,18,AI,AI,1,1.0,2.0
38,18,AI,AI,1,1.0,2.0
39,18,AI,AI,1,2.0,2.0
40,18,AI,AI,1,3.0,2.0
41,18,AI,AI,1,1.0,2.0
42,18,AI,AI,1,1.0,2.0
43,18,AI,AI,1,1.0,2.0
44,18,AI,AI,1,5.0,2.0
45,18,AI,AI,1,1.0,2.0
46,18,AI,Human,0,,2.0
47,18,AI,AI,1,1.0,2.0
48,18,AI,AI,1,1.0,2.0
49,18,AI,AI,1,1.0,2.0
50,18,AI,AI,1,1.0,2.0
51,18,AI,AI,1,1.0,2.0
52,18,AI,AI,1,1.0,2.0
53,18,AI,AI,1,1.0,2.0
54,18,AI,AI,1,1.0,2.0
55,18,AI,AI,1,1.0,2.0
56,18,AI,AI,1,1.0,2.0
57,18,AI,AI,1,6.0,2.0
58,18,AI,Human,0,6.0,2.0
59,18,AI,Human,0,1.0,2.0
60,18,AI,AI,1,1.0,2.0
61,18,AI,AI,1,1.0,2.0
62,18,AI,AI,1,1.0,2.0
63,18,AI,AI,1,1.0,2.0
64,18,AI,AI,1,1.0,2.0
65,18,AI,AI,1,1.0,2.0
66,18,AI,AI,1,1.0,2.0
68,18,AI,AI,1,2.0,2.0
69,18,AI,AI,1,1.0,2.0
70,18,AI,AI,1,4.0,2.0
71,18,AI,Human,0,6.0,2.0
72,18,AI,AI,1,3.0,2.0
73,18,AI,AI,1,1.0,2.0
74,18,AI,AI,1,2.0,2.0
75,18,AI,AI,1,1.0,2.0
76,18,AI,AI,1,1.0,2.0
77,18,AI,AI,1,1.0,2.0
78,18,AI,AI,1,1.0,2.0
79,18,AI,AI,1,1.0,2.0
80,18,AI,AI,1,1.0,2.0
81,18,AI,AI,1,1.0,2.0
82,18,AI,AI,1,1.0,2.0
83,18,AI,AI,1,1.0,2.0
84,18,AI,AI,1,1.0,2.0
85,18,AI,AI,1,1.0,2.0
87,18,AI,Human,0,1.0,2.0
88,18,AI,AI,1,1.0,2.0
89,18,AI,AI,1,1.0,2.0
90,18,AI,AI,1,1.0,2.0
91,18,AI,AI,1,1.0,2.0
92,18,AI,AI,1,1.0,2.0
93,18,AI,AI,1,1.0,2.0
94,18,AI,AI,1,1.0,2.0
95,18,AI,AI,1,1.0,2.0
96,18,AI,AI,1,1.0,2.0
97,18,AI,AI,1,1.0,2.0
98,18,AI,AI,1,10.0,2.0
99,18,AI,AI,1,1.0,2.0
101,18,AI,AI,1,1.0,2.0
102,18,AI,Human,0,10.0,2.0
103,18,AI,AI,1,4.0,2.0
104,18,AI,Human,0,10.0,2.0
105,18,AI,AI,1,2.0,2.0
106,18,AI,AI,1,1.0,2.0
108,18,AI,AI,1,4.0,2.0
109,18,AI,AI,1,5.0,2.0
110,18,AI,AI,1,9.0,2.0
111,18,AI,AI,1,1.0,2.0
112,18,AI,AI,1,1.0,2.0
113,18,AI,AI,1,1.0,2.0
114,18,AI,AI,1,1.0,2.0
115,18,AI,AI,1,1.0,2.0
116,18,AI,AI,1,1.0,2.0
