wave,temperature,flitz_number,n,successes,accuracy,ci_low,ci_high,p_exact,p_holm,sig_holm_05
pooled,0.0,15,132,80,0.6060606060606061,0.5208382311130989,0.6852844080508326,0.018430571670380338,0.09215285835190169,False
pooled,0.25,4,134,69,0.5149253731343284,0.43107601484675095,0.5979428306749237,0.7956287149703891,1.0,False
pooled,0.5,5,136,73,0.5367647058823529,0.4531024006562899,0.6184071508338879,0.4403825433795313,1.0,False
pooled,0.75,9,134,91,0.6791044776119403,0.5960227409345868,0.7522034053255089,4.1113047654313497e-05,0.00024667828592588097,True
pooled,1.0,10,135,81,0.6,0.5156981593276376,0.6787682502688573,0.02487582645664313,0.09950330582657252,False
pooled,1.25,14,131,64,0.48854961832061067,0.4045043368890977,0.5732473128910397,0.8613689310511559,1.0,False
pooled,1.5,3,134,109,0.8134328358208955,0.7390804592772563,0.8703152966779114,1.0533092824338616e-13,7.373164977037031e-13,True
pooled,1.75,17,131,116,0.8854961832061069,0.8196581083613613,0.9293696823740171,1.6064669712825016e-20,1.4458202741542513e-19,True
pooled,2.0,18,130,111,0.8538461538461538,0.7829868882657963,0.9043935453504522,5.322966858469463e-17,4.2583734867755705e-16,True
wave1,0.0,15,112,65,0.5803571428571429,0.4877851847005556,0.6675995988065428,0.10778227965475423,0.34835650889499453,False
wave1,0.25,4,114,56,0.49122807017543857,0.40125214236350615,0.5817759020954208,0.9254349612567242,1.0,False
wave1,0.5,5,116,57,0.49137931034482757,0.4021496603059669,0.5811616242888545,0.9260777633148563,1.0,False
wave1,0.75,9,114,73,0.6403508771929824,0.5490091280357571,0.7225421606214103,0.003504683784608791,0.021028102707652745,True
wave1,1.0,10,115,69,0.6,0.5086298204323922,0.684905333277745,0.03975050512654258,0.1987525256327129,False
wave1,1.25,14,111,46,0.4144144144144144,0.32713457628753184,0.5074199461374631,0.08708912722374863,0.34835650889499453,False
wave1,1.5,3,114,94,0.8245614035087719,0.7444999446318382,0.8834624103878611,1.1680094670975612e-12,8.176066269682928e-12,True
wave1,1.75,17,112,102,0.9107142857142857,0.8434104235612726,0.950778469919452,2.411372847954166e-20,2.1702355631587495e-19,True
wave1,2.0,18,112,99,0.8839285714285714,0.8114943070899336,0.9308996585550915,1.501473402256409e-17,1.2011787218051272e-16,True
wave2,0.0,15,20,15,0.75,0.5312991223812559,0.8881382985923344,0.04138946533203125,0.2483367919921875,False
wave2,0.25,4,20,13,0.65,0.43285427668523624,0.818808175898918,0.26317596435546875,0.713653564453125,False
wave2,0.5,5,20,16,0.8,0.5839825677481064,0.919342337420202,0.01181793212890625,0.08272552490234375,False
wave2,0.75,9,20,18,0.9,0.6989663547715127,0.9721335187862318,0.0004024505615234375,0.0036220550537109375,True
wave2,1.0,10,20,12,0.6,0.3865815007622531,0.781193467627183,0.5034446716308594,0.713653564453125,False
wave2,1.25,14,20,18,0.9,0.6989663547715127,0.9721335187862318,0.0004024505615234375,0.0036220550537109375,True
wave2,1.5,3,20,15,0.75,0.5312991223812559,0.8881382985923344,0.04138946533203125,0.2483367919921875,False
wave2,1.75,17,19,14,0.7368421052631579,0.5120844910218488,0.8819358765321749,0.063568115234375,0.2542724609375,False
wave2,2.0,18,18,12,0.6666666666666666,0.4374946729594511,0.8372122524916632,0.237884521484375,0.713653564453125,False
