model,true_author,rating,p_human,ci_low,ci_high
full,AI,1.0,0.0881181230372771,0.062165930831241514,0.12347802640108735
full,AI,1.0909090909090908,0.09140891604569955,0.06499648327955646,0.12709553064652893
full,AI,1.1818181818181819,0.09480982688910441,0.0679444754326782,0.1308069779550149
full,AI,1.2727272727272727,0.09832357742320758,0.07101369580201808,0.13461420048244888
full,AI,1.3636363636363638,0.10195288396440545,0.07420794915199572,0.13851904382238275
full,AI,1.4545454545454546,0.10570045077811759,0.07753104420226066,0.14252336754186348
full,AI,1.5454545454545454,0.10956896311445372,0.08098677991268927,0.14662904600217205
full,AI,1.6363636363636362,0.11356107978507632,0.08457893025909974,0.1508379695088022
full,AI,1.7272727272727273,0.11767942527751103,0.08831122740746435,0.15515204583866987
full,AI,1.8181818181818183,0.12192658140583759,0.09218734319546787,0.159573202195911
full,AI,1.9090909090909092,0.12630507849969017,0.09621086883290852,0.1641033876504902
full,AI,2.0,0.1308173861368039,0.1003852927370761,0.1687445761158564
full,AI,2.090909090909091,0.13546590342798162,0.10471397642641893,0.1734987699226129
full,AI,2.1818181818181817,0.14025294886730405,0.1092001284061931,0.17836800404400951
full,AI,2.2727272727272725,0.1451807497646786,0.11384677599422957,0.18335435102524303
full,AI,2.3636363636363638,0.1502514312823949,0.1186567350545311,0.1884599266610546
full,AI,2.4545454545454546,0.1554670051022179,0.12363257763244698,0.19368689645363824
full,AI,2.5454545454545454,0.1608293577546809,0.1287765975193404,0.1990374828638035
full,AI,2.6363636363636367,0.16634023864760913,0.13409077381896095,0.204513973340621
full,AI,2.7272727272727275,0.17200124783647502,0.13957673264461937,0.21011872907597343
full,AI,2.8181818181818183,0.17781382358491835,0.14523570714857323,0.21585419437759443
full,AI,2.909090909090909,0.18377922976959973,0.15106849617604506,0.22172290648393544
full,AI,3.0,0.18989854318944477,0.15707542194955815,0.22772750555285493
full,AI,3.090909090909091,0.19617264084520059,0.16325628732841832,0.23387074443983846
full,AI,3.1818181818181817,0.2026021872610033,0.16961033335646403,0.24015549773672448
full,AI,3.272727272727273,0.2091876219252499,0.17613619801090236,0.24658476936616025
full,AI,3.3636363636363638,0.21592914693340165,0.18283187729636086,0.2531616978196906
full,AI,3.4545454545454546,0.22282671492031703,0.18969469008793424,0.25988955789135243
full,AI,3.5454545454545454,0.22988001737422287,0.19672124840637828,0.2667717575020579
full,AI,3.6363636363636362,0.23708847342837888,0.2039074350914479,0.2738118279486639
full,AI,3.7272727272727275,0.24445121922976457,0.21124839109943244,0.281013405671135
full,AI,3.8181818181818183,0.2519670979866163,0.21873851484987197,0.28838020344938947
full,AI,3.909090909090909,0.25963465079825976,0.2263714761329969,0.2959159688689068
full,AI,4.0,0.26745210837131345,0.23414024700103744,0.30362442799295236
full,AI,4.090909090909091,0.2754173837259004,0.24203715173470486,0.3115092125172302
full,AI,4.181818181818182,0.28352806599389957,0.2500539373370704,0.319573769323123
full,AI,4.272727272727273,0.29178141540842706,0.2581818650179068,0.32782125233073806
full,AI,4.363636363636363,0.3001743595796073,0.26641182179103917,0.3362543978835552
full,AI,4.454545454545455,0.30870349114622087,0.27473444967669425,0.3448753865108929
full,AI,4.545454545454545,0.3173650668859824,0.28314028821883924,0.3536856956737632
full,AI,4.636363636363637,0.3261550083590156,0.29161992430961775,0.3626859497883435
full,AI,4.7272727272727275,0.3350689041495464,0.30016414192893354,0.37187577516945675
full,AI,4.818181818181818,0.3441020137600222,0.308764063633681,0.38125366826772034
full,AI,4.909090909090909,0.35324927319980154,0.31741127568687605,0.39081688546981036
full,AI,5.0,0.3625053022973929,0.3260979296979948,0.4005613616962309
full,AI,5.090909090909091,0.37186441375105156,0.3348168154821955,0.41048166313566814
full,AI,5.181818181818182,0.3813206239175187,0.3435614023001502,0.4205709769379906
full,AI,5.2727272727272725,0.3908676653229997,0.35232584835211256,0.43082113791007765
full,AI,5.363636363636363,0.400499000864306,0.3611049809686819,0.44122268962200456
full,AI,5.454545454545455,0.41020783965165014,0.36989425201545856,0.451764975187979
full,AI,5.545454545454546,0.41998715442811413,0.3786896743801226,0.4624362515675169
full,AI,5.636363636363637,0.4298297004845536,0.38748774596339886,0.47322382061404905
full,AI,5.7272727272727275,0.43972803597288096,0.39628536741870074,0.48411417021308706
full,AI,5.818181818181818,0.4496745435055721,0.4050797591489512,0.49509311953168084
full,AI,5.909090909090909,0.4596614529150659,0.413868381988557,0.5061459634310387
full,AI,6.0,0.4696808650337462,0.4226488647837342,0.5172576122660907
full,AI,6.090909090909091,0.4797247763436012,0.43141894090514754,0.5284127244406751
full,AI,6.181818181818182,0.4897851043346639,0.4401763946972298,0.5395958300916291
full,AI,6.2727272727272725,0.4998537134031131,0.44891901804741197,0.5507914450811571
full,AI,6.363636363636364,0.5099224411136107,0.4576445766597538,0.5619841750708574
full,AI,6.454545454545455,0.519983124646166,0.46635078522439344,0.5731588098494981
full,AI,6.545454545454546,0.530027627245648,0.4750352904532647,0.5843004083234956
full,AI,6.636363636363637,0.5400478644920337,0.48369566086402577,0.5953943746932295
full,AI,6.7272727272727275,0.5500358302115917,0.49232938219978306,0.6064265263675146
full,AI,6.818181818181818,0.5599836218534231,0.5009338574389401,0.6173831541449118
full,AI,6.909090909090909,0.5698834651620269,0.509506410451196,0.628251075139151
full,AI,7.0,0.5797277379847294,0.5180442924731516,0.63901767886481
full,AI,7.090909090909091,0.589508993062762,0.5265446906969512,0.6496709668404057
full,AI,7.181818181818182,0.5992199796663132,0.5350047383795633,0.6601995860161378
full,AI,7.2727272727272725,0.6088536639468358,0.5434215259840219,0.6705928562959877
full,AI,7.363636363636364,0.6184032478940221,0.5517921129550433,0.6808407923994518
full,AI,7.454545454545455,0.6278621867999453,0.5601135398095002,0.6909341202959856
full,AI,7.545454545454546,0.6372242051486579,0.5683828402878573,0.7008642884434443
full,AI,7.636363636363637,0.646483310865795,0.5765970533670006,0.7106234740681321
full,AI,7.7272727272727275,0.6556338078791886,0.5847532349793756,0.7202045847361618
full,AI,7.818181818181818,0.6646703069579476,0.5928484693194133,0.7296012554814116
full,AI,7.909090909090909,0.6735877348136305,0.6008798796472693,0.7388078417724215
full,AI,8.0,0.6823813414628525,0.6088446385231966,0.74781940861742
full,AI,8.09090909090909,0.6910467058657094,0.6167399774244684,0.7566317161219179
full,AI,8.181818181818182,0.6995797398685959,0.6245631957116329,0.7652412018259318
full,AI,8.272727272727273,0.7079766904932003,0.6323116689227373,0.7736449601571747
full,AI,8.363636363636363,0.716234140625545,0.6399828563836674,0.7818407193420255
full,AI,8.454545454545455,0.7243490081698021,0.6475743081303784,0.7898268161175493
full,AI,8.545454545454547,0.7323185437411882,0.6550836711449686,0.797602168585277
full,AI,8.636363636363637,0.7401403269804764,0.6625086949125739,0.8051662475410478
full,AI,8.727272727272727,0.7478122615795327,0.6698472363101733,0.8125190466051934
full,AI,8.818181818181818,0.7553325691127941,0.6770972638417978,0.8196610514641335
full,AI,8.90909090909091,0.7626997817737794,0.6842568612374533,0.8265932085184535
full,AI,9.0,0.7699127341186004,0.6913242304354353,0.8333168932142317
full,AI,9.090909090909092,0.7769705539200781,0.6982976939696771,0.8398338783142689
full,AI,9.181818181818182,0.7838726522365435,0.7051756967854248,0.8461463023444011
full,AI,9.272727272727273,0.790618712798802,0.7119568075079091,0.8522566384277631
full,AI,9.363636363636363,0.7972086808171467,0.7186397191897967,0.8581676636970794
full,AI,9.454545454545455,0.803642751307837,0.7252232495641292,0.8638824294522588
full,AI,9.545454545454545,0.8099213570351992,0.7317063408301381,0.8694042322080415
full,AI,9.636363636363637,0.8160451561615838,0.7380880589998677,0.8747365857545574
full,AI,9.727272727272727,0.8220150196929132,0.7443675928338619,0.8798831943326095
full,AI,9.818181818181818,0.8278320188025994,0.7505442523943647,0.8848479270055416
full,AI,9.90909090909091,0.8334974121112811,0.7566174672445003,0.8896347932908082
full,AI,10.0,0.8390126329942488,0.7625867843217882,0.8942479200970103
full,Human,1.0,0.2687728285935925,0.1868959445140886,0.37018849724642894
full,Human,1.0909090909090908,0.27535470612967494,0.19333370096863017,0.37595524106482214
full,Human,1.1818181818181819,0.2820355969608413,0.19993487842424984,0.381762978627449
full,Human,1.2727272727272727,0.28881397984178775,0.2066995664266853,0.38761067961476753
full,Human,1.3636363636363638,0.2956881795935812,0.2136275447139777,0.3934972990757942
full,Human,1.4545454545454546,0.30265636605803176,0.22071826653757776,0.3994217804558023
full,Human,1.5454545454545454,0.3097165535034686,0.2279708423516283,0.4053830588912693
full,Human,1.6363636363636362,0.3168666005023542,0.23538402398347727,0.41138006479042294
full,Human,1.7272727272727273,0.3241042102992832,0.24295618940057018,0.41741172771943097
full,Human,1.8181818181818183,0.33142693168577325,0.2506853281896108,0.4234769806160631
full,Human,1.9090909090909092,0.33883216039590186,0.25856902786315006,0.4295747643545286
full,Human,2.0,0.3463171410342596,0.26660446110644914,0.4357040326870649
full,Human,2.090909090909091,0.35387896954492004,0.27478837407353013,0.4418637575896961
full,Human,2.1818181818181817,0.36151459622715404,0.28311707583574386,0.4480529350412267
full,Human,2.2727272727272725,0.36922082930049366,0.291586429079042,0.4542705912658724
full,Human,2.3636363636363638,0.37699433901848006,0.30019184213757333,0.460515789470697
full,Human,2.4545454545454546,0.38483166232704424,0.30892826244152033,0.466787637108934
full,Human,2.5454545454545454,0.3927292080600006,0.3177901714466543,0.473085293698888
full,Human,2.6363636363636367,0.4006832626606099,0.3267715811025321,0.47940797922487943
full,Human,2.7272727272727275,0.40868999641461795,0.33586603190639225,0.4857549831408605
full,Human,2.8181818181818183,0.41674547017664887,0.34506659258175465,0.49212567398790263
full,Human,2.909090909090909,0.42484564256834206,0.35436586141592125,0.49851950962244745
full,Human,3.0,0.43298637762322423,0.3637559692908711,0.5049360480313859
full,Human,3.090909090909091,0.4411634528500303,0.373228584449783,0.511374958680566
full,Human,3.1818181818181817,0.4493725676830637,0.3827749190594907,0.5178360343026439
full,Human,3.272727272727273,0.45760935228526034,0.3923857376610796,0.5243192029750804
full,Human,3.3636363636363638,0.4658693766669099,0.40205136765070637,0.5308245402657594
full,Human,3.4545454545454546,0.47414816008055183,0.4117617120052761,0.537352281127835
full,Human,3.5454545454545454,0.4824411806503897,0.4215062645679275,0.5439028311022526
full,Human,3.6363636363636362,0.4907438851927253,0.4312741283414722,0.5504767762312746
full,Human,3.7272727272727275,0.4990516991823927,0.44105403740834664,0.5570748908952402
full,Human,3.8181818181818183,0.5073600368190068,0.4508343833057144,0.5636981425556908
full,Human,3.909090909090909,0.5156643111460426,0.4606032469327704,0.5703476921225342
full,Human,4.0,0.5239599441753352,0.4703484373463504,0.5770248883691379
full,Human,4.090909090909091,0.5322423769695473,0.4800575390930692,0.5837312545149919
full,Human,4.181818181818182,0.5405070796354898,0.4897179699997779,0.5904684648126929
full,Human,4.272727272727273,0.5487495611818954,0.49931705154907596,0.5972383087647685
full,Human,4.363636363636363,0.5569653791963276,0.5088420940310427,0.604042640528252
full,Human,4.454545454545455,0.5651501492973483,0.5182804984923095,0.6108833112350154
full,Human,4.545454545454545,0.5732995543198406,0.5276198769887552,0.6177620824739231
full,Human,4.636363636363637,0.5814093531934816,0.5368481916774794,0.6246805201579008
full,Human,4.7272727272727275,0.5894753894767358,0.5459539117735345,0.6316398695185553
full,Human,4.818181818181818,0.5974935995113989,0.5549261853318497,0.6386409140483003
full,Human,4.909090909090909,0.6054600201655936,0.563755020295529,0.645683823744007
full,Human,5.0,0.6133707961362013,0.5724314665359004,0.6527680007391913
full,Human,5.090909090909091,0.6212221867849647,0.5809477881229262,0.659891932917694
full,Human,5.181818181818182,0.6290105724858646,0.5892976133580802,0.6670530678291458
full,Human,5.2727272727272725,0.6367324604648459,0.5974760497427407,0.6742477196076985
full,Human,5.363636363636363,0.6443844901164938,0.6054797524624973,0.6814710202111892
full,Human,5.454545454545455,0.651963437785807,0.6133069382403118,0.6887169230489034
full,Human,5.545454545454546,0.6594662210067435,0.620957341219462,0.6959782622817999
full,Human,5.636363636363637,0.6668899021927099,0.6284321131414796,0.7032468654982502
full,Human,5.7272727272727275,0.6742316917775569,0.6357336755019336,0.7105137120735472
full,Human,5.818181818181818,0.6814889508089563,0.6428655356352126,0.7177691252751522
full,Human,5.909090909090909,0.6886591929991862,0.6498320811191355,0.7250029837567461
full,Human,6.0,0.6957400862413621,0.6566383672677152,0.7322049377260357
full,Human,6.090909090909091,0.7027294536019693,0.6632899110158625,0.7393646165535498
full,Human,6.181818181818182,0.7096252738031796,0.669792501739138,0.7464718173662571
full,Human,6.2727272727272725,0.7164256812108422,0.6761520361712898,0.7535166675642484
full,Human,6.363636363636364,0.723128965346226,0.6823743812057235,0.7604897575873293
full,Human,6.454545454545455,0.7297335699415411,0.6884652654468124,0.7673822431885917
full,Human,6.545454545454546,0.7362380915609774,0.6944301981558224,0.7741859187011336
full,Human,6.636363636363637,0.7426412778104663,0.7002744127706376,0.7808932642556202
full,Human,6.7272727272727275,0.748942025160604,0.7060028313948156,0.7874974706940738
full,Human,6.818181818181818,0.7551393764081561,0.7116200464074546,0.7939924461715044
full,Human,6.909090909090909,0.7612325178023254,0.7171303154801044,0.800372808302709
full,Human,7.0,0.7672207758624859,0.7225375666534363,0.8066338653439653
full,Human,7.090909090909091,0.7731036139144088,0.7278454106072387,0.812771589415935
full,Human,7.181818181818182,0.7788806283720976,0.7330571577686226,0.8187825842589421
full,Human,7.2727272727272725,0.7845515447922784,0.7381758383913902,0.8246640495187739
full,Human,7.363636363636364,0.7901162137283152,0.7432042241745968,0.8304137431201841
full,Human,7.454545454545455,0.7955746064098879,0.7481448503576124,0.8360299429093122
full,Human,7.545454545454546,0.8009268102741955,0.753000037530881,0.8415114084370532
full,Human,7.636363636363637,0.8061730243737234,0.7577719126407662,0.8468573435084332
full,Human,7.7272727272727275,0.8113135546847786,0.7624624288513466,0.8520673599304766
full,Human,7.818181818181818,0.8163488093400628,0.767073384064708,0.8571414427440665
full,Human,7.909090909090909,0.8212792938075145,0.771606438002932,0.8620799171152761
full,Human,8.0,0.8261056060365609,0.7760631278274424,0.866883416980848
full,Human,8.09090909090909,0.8308284315917527,0.7804448823213588,0.8715528554843092
full,Human,8.181818181818182,0.8354485387925512,0.7847530346935249,0.8760893971981937
full,Human,8.272727272727273,0.8399667738768013,0.7889888340833299,0.8804944320996836
full,Human,8.363636363636363,0.8443840562041636,0.7931534558568034,0.8847695512482613
full,Human,8.454545454545455,0.848701373514516,0.7972480107893265,0.8889165241021095
full,Human,8.545454545454547,0.8529197772550682,0.8012735532307229,0.8929372774030283
full,Human,8.636363636363637,0.8570403779886795,0.8052310883459156,0.8968338755561097
full,Human,8.727272727272727,0.8610643408946428,0.8091215785198552,0.9006085024292414
full,Human,8.818181818181818,0.8649928813719826,0.8129459490098345,0.9042634444979358
full,Human,8.90909090909091,0.8688272607541537,0.816705092922151,0.9078010752624361
full,Human,9.0,0.872568782142885,0.8203998755837351,0.911223840866164
full,Human,9.090909090909092,0.8762187863678348,0.8240311383731102,0.9145342468470556
full,Human,9.181818181818182,0.8797786480776758,0.8275997020690197,0.9177348459560188
full,Human,9.272727272727273,0.8832497719672475,0.8311063697694014,0.9208282269795137
full,Human,9.363636363636363,0.8866335891444732,0.8345519294280982,0.9238170045060128
full,Human,9.454545454545455,0.8899315536398664,0.8379371560518584,0.9267038095788294
full,Human,9.545454545454545,0.8931451390606233,0.8412628135957421,0.9294912811804408
full,Human,9.636363636363637,0.896275835390537,0.8445296565910415,0.932182058496005
full,Human,9.727272727272727,0.8993251459362601,0.8477384315361948,0.9347787739062354
full,Human,9.818181818181818,0.9022945844197917,0.8508898780779188,0.9372840466621868
full,Human,9.90909090909091,0.9051856722164634,0.8539847300068545,0.9397004771968
full,Human,10.0,0.9079999357371675,0.8570237160894073,0.9420306420302655
restricted,AI,1.0,0.11766313697128929,0.06693489566913675,0.1986518423694452
restricted,AI,1.0909090909090908,0.12129455019626474,0.06979889348663122,0.2025111241577961
restricted,AI,1.1818181818181819,0.1250221585066316,0.07277454879054511,0.20642929359385828
restricted,AI,1.2727272727272727,0.1288475254049101,0.07586526142300098,0.21040671592062427
restricted,AI,1.3636363636363638,0.1327721779358376,0.07907444967103076,0.21444374741340366
restricted,AI,1.4545454545454546,0.13679760206561542,0.08240554149332767,0.21854073613766614
restricted,AI,1.5454545454545454,0.14092523789241926,0.08586196483109916,0.22269802288176876
restricted,AI,1.6363636363636362,0.14515647469472553,0.08944713695274929,0.22691594228512293
restricted,AI,1.7272727272727273,0.1494926458253762,0.09316445278221235,0.23119482418465334
restricted,AI,1.8181818181818183,0.15393502346073976,0.09701727216117181,0.23553499520496718
restricted,AI,1.9090909090909092,0.15848481321583344,0.10100890599616925,0.2399367806205256
restricted,AI,2.0,0.16314314863783064,0.1051426012427378,0.24440050652131678
restricted,AI,2.090909090909091,0.16791108559199563,0.10942152468021056,0.2489265023171053
restricted,AI,2.1818181818181817,0.17278959655574125,0.11384874543275719,0.2535151036193121
restricted,AI,2.2727272727272725,0.17777956483819532,0.11842721619450183,0.2581666555439852
restricted,AI,2.3636363636363638,0.18288177874437025,0.12315975311927468,0.26288151648418845
restricted,AI,2.4545454545454546,0.18809692570474393,0.12804901433864913,0.267660062405466
restricted,AI,2.5454545454545454,0.19342558639276844,0.13309747707542338,0.2725026917238504
restricted,AI,2.6363636363636367,0.19886822885450486,0.13830741332363664,0.27740983083212406
restricted,AI,2.7272727272727275,0.20442520267622274,0.14368086407059846,0.2823819403466856
restricted,AI,2.8181818181818183,0.21009673321738145,0.14921961204132586,0.2874195221542661
restricted,AI,2.909090909090909,0.215882915937911,0.1549251529513491,0.2925231273447345
restricted,AI,3.0,0.22178371085010345,0.16079866526026707,0.297693365122999
restricted,AI,3.090909090909091,0.22779893712670038,0.16684097842603393,0.30293091279913775
restricted,AI,3.1818181818181817,0.23392826789788745,0.1730525396692378,0.3082365269607251
restricted,AI,3.272727272727273,0.24017122527086435,0.17943337926833405,0.3136110559339562
restricted,AI,3.3636363636363638,0.246527175606423,0.18598307442199621,0.3190554536393343
restricted,AI,3.4545454545454546,0.25299532508752043,0.1927007117349801,0.32457079494162966
restricted,AI,3.5454545454545454,0.25957471561514345,0.19958484841129007,0.33015829258014995
restricted,AI,3.6363636363636362,0.26626422106682623,0.20663347227591136,0.33581931574091317
restricted,AI,3.7272727272727275,0.27306254395295754,0.2138439607978289,0.3415554102928617
restricted,AI,3.8181818181818183,0.2799682125055062,0.22121303935764003,0.3473683206503712
restricted,AI,3.909090909090909,0.2869795782329705,0.22873673909938666,0.3532600131370445
restricted,AI,4.0,0.2940948139742114,0.2364103548365498,0.3592327006025537
restricted,AI,4.090909090909091,0.3013119124823573,0.2442284036564774,0.3652888678747634
restricted,AI,4.181818181818182,0.3086286855681485,0.2521845850974204,0.3714312974016545
restricted,AI,4.272727272727273,0.31604276382994073,0.26027174407034875,0.3776630941388462
restricted,AI,4.363636363636363,0.32355159699508756,0.2684818380759151,0.3839877083564301
restricted,AI,4.454545454545455,0.3311524548945995,0.2768059107345253,0.39040895456393027
restricted,AI,4.545454545454545,0.33884242908982126,0.28523407420669805,0.3969310241820963
restricted,AI,4.636363636363637,0.3466184351664231,0.2937555037208593,0.4035584889356757
restricted,AI,4.7272727272727275,0.35447721570724455,0.30235844811392665,0.41029629123474104
restricted,AI,4.818181818181818,0.3624153439515385,0.31103026096186703,0.4171497171182284
restricted,AI,4.909090909090909,0.37042922814391555,0.31975745742480627,0.4241243467602176
restricted,AI,5.0,0.37851511657185993,0.3285258021940504,0.4312259772475414
restricted,AI,5.090909090909091,0.38666910328609405,0.3373204336935792,0.4384605125398042
restricted,AI,5.181818181818182,0.39488713449335733,0.3461260287061526,0.4458338164702247
restricted,AI,5.2727272727272725,0.40316501560638635,0.3549270096181129,0.45335152658439093
restricted,AI,5.363636363636363,0.411498418931078,0.36370779333808817,0.46101882971375024
restricted,AI,5.454545454545455,0.4198828919660501,0.37245307665149885,0.46884020443367835
restricted,AI,5.545454545454546,0.4283138662851102,0.3811481476185816,0.4768191406694216
restricted,AI,5.636363636363637,0.4367866669686014,0.389779207258395,0.4849578520380041
restricted,AI,5.7272727272727275,0.4452965225452065,0.39833368116851237,0.493257001067502
restricted,AI,5.818181818181818,0.4538385754016734,0.40680049806411617,0.5017154600634599
restricted,AI,5.909090909090909,0.46240789261407733,0.4151703125024566,0.5103301300748891
restricted,AI,6.0,0.4709994771507301,0.42343565281113626,0.5190958366279839
restricted,AI,6.090909090909091,0.4796082793937259,0.43159098219824854,0.5280053139082922
restricted,AI,6.181818181818182,0.48822920892340904,0.4396326700882704,0.5370492799828951
restricted,AI,6.2727272727272725,0.4968571465077995,0.44755888021208506,0.5462165961514548
restricted,AI,6.363636363636364,0.505486956237257,0.4553693900894484,0.5554944953922912
restricted,AI,6.454545454545455,0.5141134977433991,0.46306536189982817,0.5648688595050099
restricted,AI,6.545454545454546,0.5227316384405715,0.47064908672902067,0.5743245225586476
restricted,AI,6.636363636363637,0.5313362657279634,0.4781237230119745,0.5838455794260918
restricted,AI,6.7272727272727275,0.5399222990908068,0.4854930464877625,0.5934156817006879
restricted,AI,6.818181818181818,0.5484847020399716,0.49276122423058993,0.6030183080592404
restricted,AI,6.909090909090909,0.5570184938306602,0.49993262035260067,0.6126370011251949
restricted,AI,7.0,0.5655187609028054,0.5070116365519332,0.6222555673343199
restricted,AI,7.090909090909091,0.5739806679881464,0.5140025872250104,0.631858239790052
restricted,AI,7.181818181818182,0.5823994688317776,0.520909606495662,0.6414298064959706
restricted,AI,7.2727272727272725,0.5907705164792014,0.527736583145925,0.6509557077573606
restricted,AI,7.363636363636364,0.5990892730835118,0.5344871188645292,0.6604221071514558
restricted,AI,7.454545454545455,0.6073513191912607,0.5411645052284232,0.6698159405067245
restricted,AI,7.545454545454546,0.6155523624697676,0.5477717151883658,0.6791249470165489
restricted,AI,7.636363636363637,0.6236882458430466,0.5543114053724829,0.6883376861102145
restricted,AI,7.7272727272727275,0.6317549550081399,0.5607859261307836,0.6974435431346133
restricted,AI,7.818181818181818,0.6397486253083527,0.5671973368409512,0.7064327263407459
restricted,AI,7.909090909090909,0.6476655479446809,0.5735474245371538,0.715296257163592
restricted,AI,8.0,0.6555021755115192,0.5798377243889222,0.7240259553519094
restricted,AI,8.09090909090909,0.6632551268475031,0.586069540941645,0.7326144201502863
restricted,AI,8.181818181818182,0.670921191197026,0.5922439693382906,0.7410550084546617
restricted,AI,8.272727272727273,0.6784973316825191,0.5983619159825068,0.7493418106453446
restricted,AI,8.363636363636363,0.6859806880919738,0.6044241182868626,0.757469624637625
restricted,AI,8.454545454545455,0.693368578990358,0.6104311632871975,0.7654339285687772
restricted,AI,8.545454545454547,0.7006585031675164,0.6163835050043897,0.7732308524520859
restricted,AI,8.636363636363637,0.7078481404388131,0.6222814805065819,0.7808571490653566
restricted,AI,8.727272727272727,0.7149353518181475,0.6281253246747743,0.7883101642965774
restricted,AI,8.818181818181818,0.7219181790860416,0.633915183708191,0.795587807137724
restricted,AI,8.90909090909091,0.7287948437782287,0.6396511274272372,0.802688519495113
restricted,AI,9.0,0.7355637456225794,0.6453331604445044,0.8096112459681888
restricted,AI,9.090909090909092,0.7422234604542676,0.6509612322806699,0.8163554037359377
restricted,AI,9.181818181818182,0.7487727376407864,0.6565352465041806,0.8229208526797223
restricted,AI,9.272727272727273,0.7552104970498282,0.6620550689727005,0.8293078658621214
restricted,AI,9.363636363636363,0.7615358255940831,0.6675205352514725,0.8355171004726512
restricted,AI,9.454545454545455,0.7677479733877544,0.6729314572797409,0.8415495693425971
restricted,AI,9.545454545454545,0.7738463495500169,0.6782876293517068,0.8474066131223974
restricted,AI,9.636363636363637,0.7798305176907895,0.6835888334735561,0.8530898732059748
restricted,AI,9.727272727272727,0.7857001911140564,0.6888348441531046,0.8586012654771233
restricted,AI,9.818181818181818,0.7914552277735997,0.6940254326737635,0.8639429549436108
restricted,AI,9.90909090909091,0.7970956250153839,0.6991603708999058,0.8691173313151195
restricted,AI,10.0,0.8026215141400234,0.7042394346563958,0.8741269855716572
restricted,Human,1.0,0.26201746593952063,0.18180745680731755,0.36195971791172676
restricted,Human,1.0909090909090908,0.2686199666771444,0.18820591000457046,0.3678245094703548
restricted,Human,1.1818181818181819,0.2753267708393293,0.19477214970792597,0.3737343242637696
restricted,Human,1.2727272727272727,0.282136431505785,0.2015064957578949,0.37968808632159984
restricted,Human,1.3636363636363638,0.2890473372614943,0.20840895265766948,0.3856846996860255
restricted,Human,1.4545454545454546,0.296057710577375,0.2154791913950666,0.3917230514941441
restricted,Human,1.5454545454545454,0.3031656066724913,0.22271653157878113,0.3978020153443358
restricted,Human,1.6363636363636362,0.3103689128830062,0.23011992401236217,0.40392045496500845
restricted,Human,1.7272727272727273,0.31766534856113504,0.23768793383288755,0.4100772282056641
restricted,Human,1.8181818181818183,0.32505246552512984,0.24541872434349488,0.416271191371865
restricted,Human,1.9090909090909092,0.33252764907882976,0.25331004166959736,0.42250120392736357
restricted,Human,2.0,0.34008811961653507,0.26135920036763177,0.4287661335883309
restricted,Human,2.090909090909091,0.3477309348259417,0.2695630701124846,0.43506486183619386
restricted,Human,2.1818181818181817,0.35545299249860524,0.2779180635852831,0.44139628987693963
restricted,Human,2.2727272727272725,0.36325103395392366,0.28642012567707653,0.4477593450757056
restricted,Human,2.3636363636363638,0.3711216480789581,0.2950647241162048,0.4541529878957886
restricted,Human,2.4545454545454546,0.3790612759825735,0.3038468416181171,0.4605762193705605
restricted,Human,2.5454545454545454,0.3870662162584233,0.3127609696464881,0.4670280891347221
restricted,Human,2.6363636363636367,0.39513263084723965,0.3218011038642746,0.47350770403726383
restricted,Human,2.7272727272727275,0.40325655148478157,0.3309607413437221,0.48001423735165877
restricted,Human,2.8181818181818183,0.41143388671766346,0.340232879596384,0.48654693858815157
restricted,Human,2.909090909090909,0.41966042946518545,0.3496100174794503,0.49310514389721927
restricted,Human,3.0,0.4279318651012562,0.35908415803499505,0.49968828703065665
restricted,Human,3.090909090909091,0.4362437800265806,0.3686468133265224,0.5062959107951661
restricted,Human,3.1818181818181817,0.44459167069752936,0.3782890113553664,0.5129276788901664
restricted,Human,3.272727272727273,0.45297095307454577,0.3880013051716084,0.5195833879635952
restricted,Human,3.3636363636363638,0.46137697244963255,0.39777378434434024,0.5262629796430154
restricted,Human,3.4545454545454546,0.4698050136094291,0.4075960890289721,0.5329665522001322
restricted,Human,3.5454545454545454,0.4782503112876746,0.41745742696977844,0.5396943713803635
restricted,Human,3.6363636363636362,0.48670806085849133,0.4273465939087723,0.5464468797710896
restricted,Human,3.7272727272727275,0.49517342921994095,0.4372519980411012,0.5532247038892436
restricted,Human,3.8181818181818183,0.5036415658157364,0.44716168936409,0.5600286579398305
restricted,Human,3.909090909090909,0.5121076137418377,0.4570633950092849,0.5668597429347151
restricted,Human,4.0,0.5205667208839564,0.46694456191509975,0.5737191395752611
restricted,Human,4.090909090909091,0.5290140510317379,0.4767924084724178,0.5806081930129993
restricted,Human,4.181818181818182,0.5374447949155774,0.48659398702295154,0.5875283873435401
restricted,Human,4.272727272727273,0.5458541811126775,0.4963362592582822,0.594481307512688
restricted,Human,4.363636363636363,0.5542374867700415,0.5060061865832436,0.6014685862933825
restricted,Human,4.454545454545455,0.5625900480936108,0.5155908372774508,0.6084918342209962
restricted,Human,4.545454545454545,0.5709072705546764,0.5250775117069612,0.6155525509590337
restricted,Human,4.636363636363637,0.579184638767014,0.5344538858017541,0.6226520176099025
restricted,Human,4.7272727272727275,0.587417725990847,0.5437081714540756,0.6297911710558451
restricted,Human,4.818181818181818,0.595602203222741,0.5528292904110073,0.6369704635099191
restricted,Human,4.909090909090909,0.6037338478338072,0.5618070557530846,0.6441897129545581
restricted,Human,5.0,0.6118085517221161,0.5706323524435455,0.6514479527713437
restricted,Human,5.090909090909091,0.6198223289489622,0.5792973061299328,0.6587432911896842
restricted,Human,5.181818181818182,0.6277713228325117,0.587795427917207,0.6660727926678395
restricted,Human,5.2727272727272725,0.6356518124763857,0.5961217227377876,0.6734323934381735
restricted,Human,5.363636363636363,0.6434602187148256,0.6042727505810045,0.680816861837261
restricted,Human,5.454545454545455,0.6511931094602136,0.6122466332503945,0.6882198106619721
restricted,Human,5.545454545454546,0.6588472044428392,0.6200430041185806,0.6956337640180034
restricted,Human,5.636363636363637,0.6664193793368709,0.6276629037984285,0.703050275704807
restricted,Human,5.7272727272727275,0.673906669270467,0.6351086297960157,0.710460091059814
restricted,Human,5.818181818181818,0.6813062717218208,0.6423835521580222,0.717853340262589
restricted,Human,5.909090909090909,0.6886155488066203,0.6494919092691035,0.7252197489800698
restricted,Human,6.0,0.6958320289659253,0.6564385981200008,0.732548852090688
restricted,Human,6.090909090909091,0.7029534080667454,0.6632289718037959,0.7398301978085307
restricted,Human,6.181818181818182,0.7099775499306791,0.6698686542470884,0.7470535322972456
restricted,Human,6.2727272727272725,0.7169024863087669,0.6763633788925678,0.7542089581694718
restricted,Human,6.363636363636364,0.7237264163232642,0.6827188548042907,0.7612870635261915
restricted,Human,6.454545454545455,0.7304477053992913,0.6889406608840247,0.7682790209845047
restricted,Human,6.545454545454546,0.7370648837113051,0.6950341667842862,0.7751766582538864
restricted,Human,6.636363636363637,0.743576644171019,0.7010044777254273,0.7819725032058016
restricted,Human,6.7272727272727275,0.7499818399848088,0.7068563996947601,0.788659807115282
restricted,Human,6.818181818181818,0.7562794818097587,0.7125944212875529,0.7952325499734789
restricted,Human,6.909090909090909,0.7624687345383478,0.7182227085893711,0.8016854316308918
restricted,Human,7.0,0.768548913742355,0.7237451098572305,0.8080138521715095
restricted,Human,7.090909090909091,0.7745194818068849,0.7291651672223733,0.8142138844496664
restricted,Human,7.181818181818182,0.7803800437854935,0.7344861331308778,0.820282241223505
restricted,Human,7.2727272727272725,0.7861303430072547,0.7397109897090007,0.826216238842495
restricted,Human,7.363636363636364,0.7917702564662444,0.7448424696599222,0.8320137590198774
restricted,Human,7.454545454545455,0.7972997900233827,0.7498830776553064,0.8376732098565072
restricted,Human,7.545454545454546,0.8027190734498452,0.7548351114772021,0.8431934869821169
restricted,Human,7.636363636363637,0.8080283553403832,0.7597006823977417,0.8485739354392411
restricted,Human,7.7272727272727275,0.8132279979238838,0.7644817344634145,0.8538143127465682
restricted,Human,7.818181818181818,0.8183184717973634,0.7691800624858741,0.8589147534339188
restricted,Human,7.909090909090909,0.8233003506083706,0.7737973286406584,0.8638757352322349
restricted,Human,8.0,0.8281743057094595,0.7783350776463448,0.8686980470214647
restricted,Human,8.09090909090909,0.8329411008070223,0.7827947505459916,0.8733827585807427
restricted,Human,8.181818181818182,0.837601586625354,0.7871776971455068,0.8779311921435837
restricted,Human,8.272727272727273,0.8421566956053632,0.7914851871841018,0.8823448957317338
restricted,Human,8.363636363636363,0.846607436655883,0.7957184203235744,0.8866256182216069
restricted,Human,8.454545454545455,0.8509548899740502,0.7998785350483645,0.8907752860843473
restricted,Human,8.545454545454547,0.8552002019497639,0.8039666165691096,0.8947959817325905
restricted,Human,8.636363636363637,0.8593445801677805,0.8079837038202266,0.8986899234025276
restricted,Human,8.727272727272727,0.863389288519586,0.8119307956379239,0.902459446497863
restricted,Human,8.818181818181818,0.8673356424357984,0.8158088561998004,0.9061069863219156
restricted,Human,8.90909090909091,0.8711850042485186,0.8196188198013188,0.9096350621249116
restricted,Human,9.0,0.8749387786917551,0.8233615950383801,0.9130462623950687
restricted,Human,9.090909090909092,0.8785984085468161,0.8270380684591874,0.9163432313240725
restricted,Human,9.181818181818182,0.8821653704383889,0.8306491077427731,0.9195286563798525
restricted,Human,9.272727272727273,0.885641170785912,0.8341955644560562,0.9226052569220138
restricted,Human,9.363636363636363,0.8890273419138054,0.8376782764361657,0.925575773797807
restricted,Human,9.454545454545455,0.8923254383231387,0.8410980698400319,0.9284429598590542
restricted,Human,9.545454545454545,0.8955370331264101,0.8444557608989204,0.9312095713429819
restricted,Human,9.636363636363637,0.8986637146462613,0.8477521574116439,0.933878360062387
restricted,Human,9.727272727272727,0.9017070831781814,0.8509880600066372,0.9364520663530083
restricted,Human,9.818181818181818,0.9046687479165381,0.8541642631998588,0.938933412728349
restricted,Human,9.90909090909091,0.9075503240426298,0.8572815562726154,0.9413250981945201
restricted,Human,10.0,0.9103534299728725,0.8603407239908067,0.9436297931799419
