temperature,ai_cross_profile_mean,ai_cross_ci_low,ai_cross_ci_high,ai_same_profile_mean,ai_pooled_mean,n_cross_pairs,n_same_pairs,human_baseline_mean,human_ci_low,human_ci_high,human2026_baseline_mean,human2026_ci_low,human2026_ci_high,n_human2026_flitzes
0.0,0.4065993363627091,0.3878110439070019,0.42539143672568114,0.6402487859868151,0.4129909626442196,52800,1485,0.2644716609621566,0.2327545785618182,0.29808619665428526,0.27624045723990603,0.21228306342336153,0.3363684924019044,7
0.13,0.40834596361063547,0.39136540152675653,0.4248917144841695,0.617570140815043,0.41406942134571045,52800,1485,0.2644716609621566,0.2327545785618182,0.29808619665428526,0.27624045723990603,0.21228306342336153,0.3363684924019044,7
0.25,0.40063735124920297,0.3819260358971046,0.42054441324892694,0.5880059882500571,0.40576293706381605,52800,1485,0.2644716609621566,0.2327545785618182,0.29808619665428526,0.27624045723990603,0.21228306342336153,0.3363684924019044,7
0.38,0.40767644550697657,0.3868100826087981,0.42810126364486106,0.579919255793792,0.4123882549069198,52800,1485,0.2644716609621566,0.2327545785618182,0.29808619665428526,0.27624045723990603,0.21228306342336153,0.3363684924019044,7
0.5,0.3920559071135216,0.3721988231541385,0.4123911767528481,0.5544715670453572,0.39649888869220407,52800,1485,0.2644716609621566,0.2327545785618182,0.29808619665428526,0.27624045723990603,0.21228306342336153,0.3363684924019044,7
0.63,0.3830715221901422,0.3514861710234437,0.40704151435989017,0.5341918844579205,0.38720551386312096,52800,1485,0.2644716609621566,0.2327545785618182,0.29808619665428526,0.27624045723990603,0.21228306342336153,0.3363684924019044,7
0.75,0.3863355321145199,0.365643007952031,0.4075082412162472,0.5242105849438835,0.39010719009465433,52800,1485,0.2644716609621566,0.2327545785618182,0.29808619665428526,0.27624045723990603,0.21228306342336153,0.3363684924019044,7
0.88,0.37521030768395186,0.35334051115457954,0.39859111480096293,0.5028454185664318,0.3787018456716184,52800,1485,0.2644716609621566,0.2327545785618182,0.29808619665428526,0.27624045723990603,0.21228306342336153,0.3363684924019044,7
1.0,0.36198424001071683,0.34237177725834944,0.38224731385464245,0.47105626577942955,0.36496797323843233,52800,1485,0.2644716609621566,0.2327545785618182,0.29808619665428526,0.27624045723990603,0.21228306342336153,0.3363684924019044,7
1.13,0.33360547577002053,0.3095353027904582,0.35788032773196526,0.41889983658288904,0.3359387561569987,52800,1485,0.2644716609621566,0.2327545785618182,0.29808619665428526,0.27624045723990603,0.21228306342336153,0.3363684924019044,7
1.25,0.24374329220315155,0.21708895982816903,0.27003352389208474,0.3023680571757664,0.2453470091780863,52800,1485,0.2644716609621566,0.2327545785618182,0.29808619665428526,0.27624045723990603,0.21228306342336153,0.3363684924019044,7
1.38,0.07194914413451654,0.057752146094424944,0.08632597136237069,0.09028319696164092,0.07245068357355641,52800,1485,0.2644716609621566,0.2327545785618182,0.29808619665428526,0.27624045723990603,0.21228306342336153,0.3363684924019044,7
1.5,0.02275340429676031,0.017785145145694216,0.028872740826568755,0.02774596142800058,0.022889978807949254,52800,1485,0.2644716609621566,0.2327545785618182,0.29808619665428526,0.27624045723990603,0.21228306342336153,0.3363684924019044,7
1.63,0.01019407090929998,0.008039758037568814,0.012995011072711511,0.011850670275479591,0.010239388217189394,52800,1485,0.2644716609621566,0.2327545785618182,0.29808619665428526,0.27624045723990603,0.21228306342336153,0.3363684924019044,7
1.75,0.006087261976329798,0.004822692575021036,0.007692369017903316,0.006882811161156792,0.006109024719987678,52800,1485,0.2644716609621566,0.2327545785618182,0.29808619665428526,0.27624045723990603,0.21228306342336153,0.3363684924019044,7
1.88,0.004467530606610331,0.0033724804169379314,0.005812570558325227,0.004652666731953819,0.004472595120677478,52800,1485,0.2644716609621566,0.2327545785618182,0.29808619665428526,0.27624045723990603,0.21228306342336153,0.3363684924019044,7
2.0,0.0034343765501685525,0.0026053014421902328,0.004652984441627027,0.0037258317335814384,0.003442349488316625,52800,1485,0.2644716609621566,0.2327545785618182,0.29808619665428526,0.27624045723990603,0.21228306342336153,0.3363684924019044,7
