corpus,flitz,respondent_id,mean_cosine_to_other_corpus,sd_cosine_to_other_corpus
flitz_survey_2026,1,r0,0.2685872467263115,0.0632738455566865
flitz_survey_2026,2,r3,0.28298685162884996,0.05806144458024517
flitz_survey_2026,3,r4,0.243683266701306,0.07622703277826784
flitz_survey_2026,4,r5,0.3061999515996165,0.0664842369259811
flitz_survey_2026,5,r6,0.32015470091217824,0.056584410514638105
flitz_survey_2026,6,r7,0.2796411390901204,0.06139467576144349
flitz_survey_2026,7,r8,0.1925825667203223,0.049371581468920026
original_human_33_2025,1,,0.2775415468766362,0.06940457644992659
original_human_33_2025,2,,0.2787784711850235,0.0603163770359081
original_human_33_2025,3,,0.30508454654643297,0.04946472514741984
original_human_33_2025,4,,0.20434833122333357,0.04517369222249366
original_human_33_2025,5,,0.3087535513921257,0.033577902091230905
original_human_33_2025,6,,0.22420880179964975,0.0549680033092854
original_human_33_2025,7,,0.3002204107632558,0.03668883548632493
original_human_33_2025,8,,0.33061976309659524,0.061372363388027075
original_human_33_2025,9,,0.22245475879085658,0.05988806509149178
original_human_33_2025,10,,0.2373830287487035,0.04981326858345668
original_human_33_2025,11,,0.2977357781818946,0.06174594091397772
original_human_33_2025,12,,0.2454635290032969,0.03913347298281583
original_human_33_2025,13,,0.32867277512182286,0.05420253729233545
original_human_33_2025,14,,0.1914332848831564,0.08207915219849655
original_human_33_2025,15,,0.44188800730686373,0.07036783265664333
original_human_33_2025,16,,0.24592393790147246,0.032599147291858255
original_human_33_2025,17,,0.25693533241148747,0.07686960969553158
original_human_33_2025,18,,0.20825646478952264,0.05327100708295674
original_human_33_2025,19,,0.3116769333694019,0.06138646309401502
original_human_33_2025,20,,0.2934387590803615,0.055366980774590124
original_human_33_2025,21,,0.22104102314088328,0.08048538898386605
original_human_33_2025,22,,0.22417400448878258,0.030587667715318012
original_human_33_2025,23,,0.24861421341300607,0.05157637535784975
original_human_33_2025,24,,0.2925084332879852,0.04517599454338889
original_human_33_2025,25,,0.24235937990316841,0.04440185960163381
original_human_33_2025,26,,0.3336085958296334,0.05975916836849327
original_human_33_2025,27,,0.19839167693831802,0.04070225912042112
original_human_33_2025,28,,0.27505587051287284,0.0772048215220914
original_human_33_2025,29,,0.28480776398736446,0.043616610537419026
original_human_33_2025,30,,0.24778554514170598,0.03673159073731731
original_human_33_2025,31,,0.3023073821824553,0.04215819355387791
original_human_33_2025,32,,0.31983801208971385,0.06802716555404704
original_human_33_2025,33,,0.22677278254039762,0.05543829449908239
